Date,Zone,Type,Connection_Type,Installed_MW
2010-01-01,East,Wind,DSO,349.389
2010-01-01,East,Wind,TSO,491.4
2010-01-01,East,Wind,TSO,34.0
2010-01-01,North,Wind,DSO,340.498
2010-01-01,North,Wind,TSO,356.9
2010-01-01,South,Wind,DSO,1093.551
2010-01-01,South,Wind,TSO,999.85
2010-01-01,South,Wind,TSO,28.8
2010-01-01,West,Wind,DSO,441.118
2010-01-01,West,Wind,TSO,720.0
2010-01-01,West,Wind,TSO,83.0
2010-01-01,East,Solar,DSO,106.609
2010-01-01,East,Solar,TSO,520.6
2010-01-01,South,Solar,DSO,22.97
2010-01-01,South,Solar,TSO,87.0
2010-01-01,West,Solar,DSO,9.2
2010-02-01,East,Wind,DSO,349.389
2010-02-01,East,Wind,TSO,491.4
2010-02-01,East,Wind,TSO,34.0
2010-02-01,North,Wind,DSO,340.498
2010-02-01,North,Wind,TSO,356.9
2010-02-01,South,Wind,DSO,1093.551
2010-02-01,South,Wind,TSO,999.85
2010-02-01,South,Wind,TSO,28.8
2010-02-01,West,Wind,DSO,441.118
2010-02-01,West,Wind,TSO,720.0
2010-02-01,West,Wind,TSO,83.0
2010-02-01,East,Solar,DSO,106.609
2010-02-01,East,Solar,TSO,520.6
2010-02-01,South,Solar,DSO,22.97
2010-02-01,South,Solar,TSO,87.0
2010-02-01,West,Solar,DSO,9.2
2010-03-01,East,Wind,DSO,349.389
2010-03-01,East,Wind,TSO,491.4
2010-03-01,East,Wind,TSO,34.0
2010-03-01,North,Wind,DSO,340.498
2010-03-01,North,Wind,TSO,356.9
2010-03-01,South,Wind,DSO,1093.551
2010-03-01,South,Wind,TSO,999.85
2010-03-01,South,Wind,TSO,28.8
2010-03-01,West,Wind,DSO,441.118
2010-03-01,West,Wind,TSO,720.0
2010-03-01,West,Wind,TSO,83.0
2010-03-01,East,Solar,DSO,106.609
2010-03-01,East,Solar,TSO,520.6
2010-03-01,South,Solar,DSO,22.97
2010-03-01,South,Solar,TSO,87.0
2010-03-01,West,Solar,DSO,9.2
2010-04-01,East,Wind,DSO,349.389
2010-04-01,East,Wind,TSO,491.4
2010-04-01,East,Wind,TSO,34.0
2010-04-01,North,Wind,DSO,340.498
2010-04-01,North,Wind,TSO,356.9
2010-04-01,South,Wind,DSO,1093.551
2010-04-01,South,Wind,TSO,999.85
2010-04-01,South,Wind,TSO,28.8
2010-04-01,West,Wind,DSO,441.118
2010-04-01,West,Wind,TSO,720.0
2010-04-01,West,Wind,TSO,83.0
2010-04-01,East,Solar,DSO,106.609
2010-04-01,East,Solar,TSO,520.6
2010-04-01,South,Solar,DSO,22.97
2010-04-01,South,Solar,TSO,87.0
2010-04-01,West,Solar,DSO,9.2
2010-05-01,East,Wind,DSO,349.389
2010-05-01,East,Wind,TSO,491.4
2010-05-01,East,Wind,TSO,34.0
2010-05-01,North,Wind,DSO,340.498
2010-05-01,North,Wind,TSO,356.9
2010-05-01,South,Wind,DSO,1093.551
2010-05-01,South,Wind,TSO,999.85
2010-05-01,South,Wind,TSO,28.8
2010-05-01,West,Wind,DSO,441.118
2010-05-01,West,Wind,TSO,720.0
2010-05-01,West,Wind,TSO,83.0
2010-05-01,East,Solar,DSO,106.609
2010-05-01,East,Solar,TSO,520.6
2010-05-01,South,Solar,DSO,22.97
2010-05-01,South,Solar,TSO,87.0
2010-05-01,West,Solar,DSO,9.2
2010-06-01,East,Wind,DSO,349.389
2010-06-01,East,Wind,TSO,491.4
2010-06-01,East,Wind,TSO,34.0
2010-06-01,North,Wind,DSO,340.498
2010-06-01,North,Wind,TSO,356.9
2010-06-01,South,Wind,DSO,1093.551
2010-06-01,South,Wind,TSO,999.85
2010-06-01,South,Wind,TSO,28.8
2010-06-01,West,Wind,DSO,441.118
2010-06-01,West,Wind,TSO,720.0
2010-06-01,West,Wind,TSO,83.0
2010-06-01,East,Solar,DSO,106.609
2010-06-01,East,Solar,TSO,520.6
2010-06-01,South,Solar,DSO,22.97
2010-06-01,South,Solar,TSO,87.0
2010-06-01,West,Solar,DSO,9.2
2010-07-01,East,Wind,DSO,349.389
2010-07-01,East,Wind,TSO,491.4
2010-07-01,East,Wind,TSO,34.0
2010-07-01,North,Wind,DSO,340.498
2010-07-01,North,Wind,TSO,356.9
2010-07-01,South,Wind,DSO,1093.551
2010-07-01,South,Wind,TSO,999.85
2010-07-01,South,Wind,TSO,28.8
2010-07-01,West,Wind,DSO,441.118
2010-07-01,West,Wind,TSO,720.0
2010-07-01,West,Wind,TSO,83.0
2010-07-01,East,Solar,DSO,106.609
2010-07-01,East,Solar,TSO,520.6
2010-07-01,South,Solar,DSO,22.97
2010-07-01,South,Solar,TSO,87.0
2010-07-01,West,Solar,DSO,9.2
2010-08-01,East,Wind,DSO,349.389
2010-08-01,East,Wind,TSO,491.4
2010-08-01,East,Wind,TSO,34.0
2010-08-01,North,Wind,DSO,340.498
2010-08-01,North,Wind,TSO,356.9
2010-08-01,South,Wind,DSO,1093.551
2010-08-01,South,Wind,TSO,999.85
2010-08-01,South,Wind,TSO,28.8
2010-08-01,West,Wind,DSO,441.118
2010-08-01,West,Wind,TSO,720.0
2010-08-01,West,Wind,TSO,83.0
2010-08-01,East,Solar,DSO,106.609
2010-08-01,East,Solar,TSO,520.6
2010-08-01,South,Solar,DSO,22.97
2010-08-01,South,Solar,TSO,87.0
2010-08-01,West,Solar,DSO,9.2
2010-09-01,East,Wind,DSO,349.389
2010-09-01,East,Wind,TSO,491.4
2010-09-01,East,Wind,TSO,34.0
2010-09-01,North,Wind,DSO,340.498
2010-09-01,North,Wind,TSO,356.9
2010-09-01,South,Wind,DSO,1093.551
2010-09-01,South,Wind,TSO,999.85
2010-09-01,South,Wind,TSO,28.8
2010-09-01,West,Wind,DSO,441.118
2010-09-01,West,Wind,TSO,720.0
2010-09-01,West,Wind,TSO,83.0
2010-09-01,East,Solar,DSO,106.609
2010-09-01,East,Solar,TSO,520.6
2010-09-01,South,Solar,DSO,22.97
2010-09-01,South,Solar,TSO,87.0
2010-09-01,West,Solar,DSO,9.2
2010-10-01,East,Wind,DSO,349.389
2010-10-01,East,Wind,TSO,491.4
2010-10-01,East,Wind,TSO,34.0
2010-10-01,North,Wind,DSO,340.498
2010-10-01,North,Wind,TSO,356.9
2010-10-01,South,Wind,DSO,1093.551
2010-10-01,South,Wind,TSO,999.85
2010-10-01,South,Wind,TSO,28.8
2010-10-01,West,Wind,DSO,441.118
2010-10-01,West,Wind,TSO,720.0
2010-10-01,West,Wind,TSO,83.0
2010-10-01,East,Solar,DSO,106.609
2010-10-01,East,Solar,TSO,520.6
2010-10-01,South,Solar,DSO,22.97
2010-10-01,South,Solar,TSO,87.0
2010-10-01,West,Solar,DSO,9.2
2010-11-01,East,Wind,DSO,349.389
2010-11-01,East,Wind,TSO,491.4
2010-11-01,East,Wind,TSO,34.0
2010-11-01,North,Wind,DSO,340.498
2010-11-01,North,Wind,TSO,356.9
2010-11-01,South,Wind,DSO,1093.551
2010-11-01,South,Wind,TSO,999.85
2010-11-01,South,Wind,TSO,28.8
2010-11-01,West,Wind,DSO,441.118
2010-11-01,West,Wind,TSO,720.0
2010-11-01,West,Wind,TSO,83.0
2010-11-01,East,Solar,DSO,106.609
2010-11-01,East,Solar,TSO,520.6
2010-11-01,South,Solar,DSO,22.97
2010-11-01,South,Solar,TSO,87.0
2010-11-01,West,Solar,DSO,9.2
2010-12-01,East,Wind,DSO,349.389
2010-12-01,East,Wind,TSO,491.4
2010-12-01,East,Wind,TSO,34.0
2010-12-01,North,Wind,DSO,340.498
2010-12-01,North,Wind,TSO,356.9
2010-12-01,South,Wind,DSO,1093.551
2010-12-01,South,Wind,TSO,999.85
2010-12-01,South,Wind,TSO,28.8
2010-12-01,West,Wind,DSO,441.118
2010-12-01,West,Wind,TSO,720.0
2010-12-01,West,Wind,TSO,83.0
2010-12-01,East,Solar,DSO,106.609
2010-12-01,East,Solar,TSO,520.6
2010-12-01,South,Solar,DSO,22.97
2010-12-01,South,Solar,TSO,87.0
2010-12-01,West,Solar,DSO,9.2
2011-01-01,East,Wind,DSO,349.389
2011-01-01,East,Wind,TSO,491.4
2011-01-01,East,Wind,TSO,34.0
2011-01-01,North,Wind,DSO,340.498
2011-01-01,North,Wind,TSO,356.9
2011-01-01,South,Wind,DSO,1093.551
2011-01-01,South,Wind,TSO,999.85
2011-01-01,South,Wind,TSO,28.8
2011-01-01,West,Wind,DSO,441.118
2011-01-01,West,Wind,TSO,720.0
2011-01-01,West,Wind,TSO,83.0
2011-01-01,East,Solar,DSO,106.609
2011-01-01,East,Solar,TSO,520.6
2011-01-01,South,Solar,DSO,22.97
2011-01-01,South,Solar,TSO,87.0
2011-01-01,West,Solar,DSO,9.2
2011-02-01,East,Wind,DSO,349.389
2011-02-01,East,Wind,TSO,491.4
2011-02-01,East,Wind,TSO,34.0
2011-02-01,North,Wind,DSO,340.498
2011-02-01,North,Wind,TSO,356.9
2011-02-01,South,Wind,DSO,1093.551
2011-02-01,South,Wind,TSO,999.85
2011-02-01,South,Wind,TSO,28.8
2011-02-01,West,Wind,DSO,441.118
2011-02-01,West,Wind,TSO,720.0
2011-02-01,West,Wind,TSO,83.0
2011-02-01,East,Solar,DSO,106.609
2011-02-01,East,Solar,TSO,520.6
2011-02-01,South,Solar,DSO,22.97
2011-02-01,South,Solar,TSO,87.0
2011-02-01,West,Solar,DSO,9.2
2011-03-01,East,Wind,DSO,349.389
2011-03-01,East,Wind,TSO,491.4
2011-03-01,East,Wind,TSO,34.0
2011-03-01,North,Wind,DSO,340.498
2011-03-01,North,Wind,TSO,356.9
2011-03-01,South,Wind,DSO,1093.551
2011-03-01,South,Wind,TSO,999.85
2011-03-01,South,Wind,TSO,28.8
2011-03-01,West,Wind,DSO,441.118
2011-03-01,West,Wind,TSO,720.0
2011-03-01,West,Wind,TSO,83.0
2011-03-01,East,Solar,DSO,106.609
2011-03-01,East,Solar,TSO,520.6
2011-03-01,South,Solar,DSO,22.97
2011-03-01,South,Solar,TSO,87.0
2011-03-01,West,Solar,DSO,9.2
2011-04-01,East,Wind,DSO,349.389
2011-04-01,East,Wind,TSO,491.4
2011-04-01,East,Wind,TSO,34.0
2011-04-01,North,Wind,DSO,340.498
2011-04-01,North,Wind,TSO,356.9
2011-04-01,South,Wind,DSO,1093.551
2011-04-01,South,Wind,TSO,999.85
2011-04-01,South,Wind,TSO,28.8
2011-04-01,West,Wind,DSO,441.118
2011-04-01,West,Wind,TSO,720.0
2011-04-01,West,Wind,TSO,83.0
2011-04-01,East,Solar,DSO,106.609
2011-04-01,East,Solar,TSO,520.6
2011-04-01,South,Solar,DSO,22.97
2011-04-01,South,Solar,TSO,87.0
2011-04-01,West,Solar,DSO,9.2
2011-05-01,East,Wind,DSO,349.389
2011-05-01,East,Wind,TSO,491.4
2011-05-01,East,Wind,TSO,34.0
2011-05-01,North,Wind,DSO,340.498
2011-05-01,North,Wind,TSO,356.9
2011-05-01,South,Wind,DSO,1093.551
2011-05-01,South,Wind,TSO,999.85
2011-05-01,South,Wind,TSO,28.8
2011-05-01,West,Wind,DSO,441.118
2011-05-01,West,Wind,TSO,720.0
2011-05-01,West,Wind,TSO,83.0
2011-05-01,East,Solar,DSO,106.609
2011-05-01,East,Solar,TSO,520.6
2011-05-01,South,Solar,DSO,22.97
2011-05-01,South,Solar,TSO,87.0
2011-05-01,West,Solar,DSO,9.2
2011-06-01,East,Wind,DSO,349.389
2011-06-01,East,Wind,TSO,491.4
2011-06-01,East,Wind,TSO,34.0
2011-06-01,North,Wind,DSO,340.498
2011-06-01,North,Wind,TSO,356.9
2011-06-01,South,Wind,DSO,1093.551
2011-06-01,South,Wind,TSO,999.85
2011-06-01,South,Wind,TSO,28.8
2011-06-01,West,Wind,DSO,441.118
2011-06-01,West,Wind,TSO,720.0
2011-06-01,West,Wind,TSO,83.0
2011-06-01,East,Solar,DSO,106.609
2011-06-01,East,Solar,TSO,520.6
2011-06-01,South,Solar,DSO,22.97
2011-06-01,South,Solar,TSO,87.0
2011-06-01,West,Solar,DSO,9.2
2011-07-01,East,Wind,DSO,349.389
2011-07-01,East,Wind,TSO,491.4
2011-07-01,East,Wind,TSO,34.0
2011-07-01,North,Wind,DSO,340.498
2011-07-01,North,Wind,TSO,356.9
2011-07-01,South,Wind,DSO,1093.551
2011-07-01,South,Wind,TSO,999.85
2011-07-01,South,Wind,TSO,28.8
2011-07-01,West,Wind,DSO,441.118
2011-07-01,West,Wind,TSO,720.0
2011-07-01,West,Wind,TSO,83.0
2011-07-01,East,Solar,DSO,106.609
2011-07-01,East,Solar,TSO,520.6
2011-07-01,South,Solar,DSO,22.97
2011-07-01,South,Solar,TSO,87.0
2011-07-01,West,Solar,DSO,9.2
2011-08-01,East,Wind,DSO,349.389
2011-08-01,East,Wind,TSO,491.4
2011-08-01,East,Wind,TSO,34.0
2011-08-01,North,Wind,DSO,340.498
2011-08-01,North,Wind,TSO,356.9
2011-08-01,South,Wind,DSO,1093.551
2011-08-01,South,Wind,TSO,999.85
2011-08-01,South,Wind,TSO,28.8
2011-08-01,West,Wind,DSO,441.118
2011-08-01,West,Wind,TSO,720.0
2011-08-01,West,Wind,TSO,83.0
2011-08-01,East,Solar,DSO,106.609
2011-08-01,East,Solar,TSO,520.6
2011-08-01,South,Solar,DSO,22.97
2011-08-01,South,Solar,TSO,87.0
2011-08-01,West,Solar,DSO,9.2
2011-09-01,East,Wind,DSO,349.389
2011-09-01,East,Wind,TSO,491.4
2011-09-01,East,Wind,TSO,34.0
2011-09-01,North,Wind,DSO,340.498
2011-09-01,North,Wind,TSO,356.9
2011-09-01,South,Wind,DSO,1093.551
2011-09-01,South,Wind,TSO,999.85
2011-09-01,South,Wind,TSO,28.8
2011-09-01,West,Wind,DSO,441.118
2011-09-01,West,Wind,TSO,720.0
2011-09-01,West,Wind,TSO,83.0
2011-09-01,East,Solar,DSO,106.609
2011-09-01,East,Solar,TSO,520.6
2011-09-01,South,Solar,DSO,22.97
2011-09-01,South,Solar,TSO,87.0
2011-09-01,West,Solar,DSO,9.2
2011-10-01,East,Wind,DSO,349.389
2011-10-01,East,Wind,TSO,491.4
2011-10-01,East,Wind,TSO,34.0
2011-10-01,North,Wind,DSO,340.498
2011-10-01,North,Wind,TSO,356.9
2011-10-01,South,Wind,DSO,1093.551
2011-10-01,South,Wind,TSO,999.85
2011-10-01,South,Wind,TSO,28.8
2011-10-01,West,Wind,DSO,441.118
2011-10-01,West,Wind,TSO,720.0
2011-10-01,West,Wind,TSO,83.0
2011-10-01,East,Solar,DSO,106.609
2011-10-01,East,Solar,TSO,520.6
2011-10-01,South,Solar,DSO,22.97
2011-10-01,South,Solar,TSO,87.0
2011-10-01,West,Solar,DSO,9.2
2011-11-01,East,Wind,DSO,349.389
2011-11-01,East,Wind,TSO,491.4
2011-11-01,East,Wind,TSO,34.0
2011-11-01,North,Wind,DSO,340.498
2011-11-01,North,Wind,TSO,356.9
2011-11-01,South,Wind,DSO,1093.551
2011-11-01,South,Wind,TSO,999.85
2011-11-01,South,Wind,TSO,28.8
2011-11-01,West,Wind,DSO,441.118
2011-11-01,West,Wind,TSO,720.0
2011-11-01,West,Wind,TSO,83.0
2011-11-01,East,Solar,DSO,106.609
2011-11-01,East,Solar,TSO,520.6
2011-11-01,South,Solar,DSO,22.97
2011-11-01,South,Solar,TSO,87.0
2011-11-01,West,Solar,DSO,9.2
2011-12-01,East,Wind,DSO,349.389
2011-12-01,East,Wind,TSO,491.4
2011-12-01,East,Wind,TSO,34.0
2011-12-01,North,Wind,DSO,340.498
2011-12-01,North,Wind,TSO,356.9
2011-12-01,South,Wind,DSO,1093.551
2011-12-01,South,Wind,TSO,999.85
2011-12-01,South,Wind,TSO,28.8
2011-12-01,West,Wind,DSO,441.118
2011-12-01,West,Wind,TSO,720.0
2011-12-01,West,Wind,TSO,83.0
2011-12-01,East,Solar,DSO,106.609
2011-12-01,East,Solar,TSO,520.6
2011-12-01,South,Solar,DSO,22.97
2011-12-01,South,Solar,TSO,87.0
2011-12-01,West,Solar,DSO,9.2
2012-01-01,East,Wind,DSO,349.389
2012-01-01,East,Wind,TSO,491.4
2012-01-01,East,Wind,TSO,34.0
2012-01-01,North,Wind,DSO,340.498
2012-01-01,North,Wind,TSO,356.9
2012-01-01,South,Wind,DSO,1093.551
2012-01-01,South,Wind,TSO,999.85
2012-01-01,South,Wind,TSO,28.8
2012-01-01,West,Wind,DSO,441.118
2012-01-01,West,Wind,TSO,720.0
2012-01-01,West,Wind,TSO,83.0
2012-01-01,East,Solar,DSO,106.609
2012-01-01,East,Solar,TSO,520.6
2012-01-01,South,Solar,DSO,22.97
2012-01-01,South,Solar,TSO,87.0
2012-01-01,West,Solar,DSO,9.2
2012-02-01,East,Wind,DSO,349.389
2012-02-01,East,Wind,TSO,491.4
2012-02-01,East,Wind,TSO,34.0
2012-02-01,North,Wind,DSO,340.498
2012-02-01,North,Wind,TSO,356.9
2012-02-01,South,Wind,DSO,1093.551
2012-02-01,South,Wind,TSO,999.85
2012-02-01,South,Wind,TSO,28.8
2012-02-01,West,Wind,DSO,441.118
2012-02-01,West,Wind,TSO,720.0
2012-02-01,West,Wind,TSO,83.0
2012-02-01,East,Solar,DSO,106.609
2012-02-01,East,Solar,TSO,520.6
2012-02-01,South,Solar,DSO,22.97
2012-02-01,South,Solar,TSO,87.0
2012-02-01,West,Solar,DSO,9.2
2012-03-01,East,Wind,DSO,349.389
2012-03-01,East,Wind,TSO,491.4
2012-03-01,East,Wind,TSO,34.0
2012-03-01,North,Wind,DSO,340.498
2012-03-01,North,Wind,TSO,356.9
2012-03-01,South,Wind,DSO,1093.551
2012-03-01,South,Wind,TSO,999.85
2012-03-01,South,Wind,TSO,28.8
2012-03-01,West,Wind,DSO,441.118
2012-03-01,West,Wind,TSO,720.0
2012-03-01,West,Wind,TSO,83.0
2012-03-01,East,Solar,DSO,106.609
2012-03-01,East,Solar,TSO,520.6
2012-03-01,South,Solar,DSO,22.97
2012-03-01,South,Solar,TSO,87.0
2012-03-01,West,Solar,DSO,9.2
2012-04-01,East,Wind,DSO,349.389
2012-04-01,East,Wind,TSO,491.4
2012-04-01,East,Wind,TSO,34.0
2012-04-01,North,Wind,DSO,340.498
2012-04-01,North,Wind,TSO,356.9
2012-04-01,South,Wind,DSO,1093.551
2012-04-01,South,Wind,TSO,999.85
2012-04-01,South,Wind,TSO,28.8
2012-04-01,West,Wind,DSO,441.118
2012-04-01,West,Wind,TSO,720.0
2012-04-01,West,Wind,TSO,83.0
2012-04-01,East,Solar,DSO,106.609
2012-04-01,East,Solar,TSO,520.6
2012-04-01,South,Solar,DSO,22.97
2012-04-01,South,Solar,TSO,87.0
2012-04-01,West,Solar,DSO,9.2
2012-05-01,East,Wind,DSO,349.389
2012-05-01,East,Wind,TSO,491.4
2012-05-01,East,Wind,TSO,34.0
2012-05-01,North,Wind,DSO,340.498
2012-05-01,North,Wind,TSO,356.9
2012-05-01,South,Wind,DSO,1093.551
2012-05-01,South,Wind,TSO,999.85
2012-05-01,South,Wind,TSO,28.8
2012-05-01,West,Wind,DSO,441.118
2012-05-01,West,Wind,TSO,720.0
2012-05-01,West,Wind,TSO,83.0
2012-05-01,East,Solar,DSO,106.609
2012-05-01,East,Solar,TSO,520.6
2012-05-01,South,Solar,DSO,22.97
2012-05-01,South,Solar,TSO,87.0
2012-05-01,West,Solar,DSO,9.2
2012-06-01,East,Wind,DSO,349.389
2012-06-01,East,Wind,TSO,491.4
2012-06-01,East,Wind,TSO,34.0
2012-06-01,North,Wind,DSO,340.498
2012-06-01,North,Wind,TSO,356.9
2012-06-01,South,Wind,DSO,1093.551
2012-06-01,South,Wind,TSO,999.85
2012-06-01,South,Wind,TSO,28.8
2012-06-01,West,Wind,DSO,441.118
2012-06-01,West,Wind,TSO,720.0
2012-06-01,West,Wind,TSO,83.0
2012-06-01,East,Solar,DSO,106.609
2012-06-01,East,Solar,TSO,520.6
2012-06-01,South,Solar,DSO,22.97
2012-06-01,South,Solar,TSO,87.0
2012-06-01,West,Solar,DSO,9.2
2012-07-01,East,Wind,DSO,349.389
2012-07-01,East,Wind,TSO,491.4
2012-07-01,East,Wind,TSO,34.0
2012-07-01,North,Wind,DSO,340.498
2012-07-01,North,Wind,TSO,356.9
2012-07-01,South,Wind,DSO,1093.551
2012-07-01,South,Wind,TSO,999.85
2012-07-01,South,Wind,TSO,28.8
2012-07-01,West,Wind,DSO,441.118
2012-07-01,West,Wind,TSO,720.0
2012-07-01,West,Wind,TSO,83.0
2012-07-01,East,Solar,DSO,106.609
2012-07-01,East,Solar,TSO,520.6
2012-07-01,South,Solar,DSO,22.97
2012-07-01,South,Solar,TSO,87.0
2012-07-01,West,Solar,DSO,9.2
2012-08-01,East,Wind,DSO,349.389
2012-08-01,East,Wind,TSO,491.4
2012-08-01,East,Wind,TSO,34.0
2012-08-01,North,Wind,DSO,340.498
2012-08-01,North,Wind,TSO,356.9
2012-08-01,South,Wind,DSO,1093.551
2012-08-01,South,Wind,TSO,999.85
2012-08-01,South,Wind,TSO,28.8
2012-08-01,West,Wind,DSO,441.118
2012-08-01,West,Wind,TSO,720.0
2012-08-01,West,Wind,TSO,83.0
2012-08-01,East,Solar,DSO,106.609
2012-08-01,East,Solar,TSO,520.6
2012-08-01,South,Solar,DSO,22.97
2012-08-01,South,Solar,TSO,87.0
2012-08-01,West,Solar,DSO,9.2
2012-09-01,East,Wind,DSO,349.389
2012-09-01,East,Wind,TSO,491.4
2012-09-01,East,Wind,TSO,34.0
2012-09-01,North,Wind,DSO,340.498
2012-09-01,North,Wind,TSO,356.9
2012-09-01,South,Wind,DSO,1093.551
2012-09-01,South,Wind,TSO,999.85
2012-09-01,South,Wind,TSO,28.8
2012-09-01,West,Wind,DSO,441.118
2012-09-01,West,Wind,TSO,720.0
2012-09-01,West,Wind,TSO,83.0
2012-09-01,East,Solar,DSO,106.609
2012-09-01,East,Solar,TSO,520.6
2012-09-01,South,Solar,DSO,22.97
2012-09-01,South,Solar,TSO,87.0
2012-09-01,West,Solar,DSO,9.2
2012-10-01,East,Wind,DSO,349.389
2012-10-01,East,Wind,TSO,491.4
2012-10-01,East,Wind,TSO,34.0
2012-10-01,North,Wind,DSO,340.498
2012-10-01,North,Wind,TSO,356.9
2012-10-01,South,Wind,DSO,1093.551
2012-10-01,South,Wind,TSO,999.85
2012-10-01,South,Wind,TSO,28.8
2012-10-01,West,Wind,DSO,441.118
2012-10-01,West,Wind,TSO,720.0
2012-10-01,West,Wind,TSO,83.0
2012-10-01,East,Solar,DSO,106.609
2012-10-01,East,Solar,TSO,520.6
2012-10-01,South,Solar,DSO,22.97
2012-10-01,South,Solar,TSO,87.0
2012-10-01,West,Solar,DSO,9.2
2012-11-01,East,Wind,DSO,349.389
2012-11-01,East,Wind,TSO,491.4
2012-11-01,East,Wind,TSO,34.0
2012-11-01,North,Wind,DSO,340.498
2012-11-01,North,Wind,TSO,356.9
2012-11-01,South,Wind,DSO,1093.551
2012-11-01,South,Wind,TSO,999.85
2012-11-01,South,Wind,TSO,28.8
2012-11-01,West,Wind,DSO,441.118
2012-11-01,West,Wind,TSO,720.0
2012-11-01,West,Wind,TSO,83.0
2012-11-01,East,Solar,DSO,106.609
2012-11-01,East,Solar,TSO,520.6
2012-11-01,South,Solar,DSO,22.97
2012-11-01,South,Solar,TSO,87.0
2012-11-01,West,Solar,DSO,9.2
2012-12-01,East,Wind,DSO,349.389
2012-12-01,East,Wind,TSO,491.4
2012-12-01,East,Wind,TSO,34.0
2012-12-01,North,Wind,DSO,340.498
2012-12-01,North,Wind,TSO,356.9
2012-12-01,South,Wind,DSO,1093.551
2012-12-01,South,Wind,TSO,999.85
2012-12-01,South,Wind,TSO,28.8
2012-12-01,West,Wind,DSO,441.118
2012-12-01,West,Wind,TSO,720.0
2012-12-01,West,Wind,TSO,83.0
2012-12-01,East,Solar,DSO,106.609
2012-12-01,East,Solar,TSO,520.6
2012-12-01,South,Solar,DSO,22.97
2012-12-01,South,Solar,TSO,87.0
2012-12-01,West,Solar,DSO,9.2
2013-01-01,East,Wind,DSO,349.389
2013-01-01,East,Wind,TSO,491.4
2013-01-01,East,Wind,TSO,34.0
2013-01-01,North,Wind,DSO,340.498
2013-01-01,North,Wind,TSO,356.9
2013-01-01,South,Wind,DSO,1093.551
2013-01-01,South,Wind,TSO,999.85
2013-01-01,South,Wind,TSO,28.8
2013-01-01,West,Wind,DSO,441.118
2013-01-01,West,Wind,TSO,720.0
2013-01-01,West,Wind,TSO,83.0
2013-01-01,East,Solar,DSO,106.609
2013-01-01,East,Solar,TSO,520.6
2013-01-01,South,Solar,DSO,22.97
2013-01-01,South,Solar,TSO,87.0
2013-01-01,West,Solar,DSO,9.2
2013-02-01,East,Wind,DSO,349.389
2013-02-01,East,Wind,TSO,491.4
2013-02-01,East,Wind,TSO,34.0
2013-02-01,North,Wind,DSO,340.498
2013-02-01,North,Wind,TSO,356.9
2013-02-01,South,Wind,DSO,1093.551
2013-02-01,South,Wind,TSO,999.85
2013-02-01,South,Wind,TSO,28.8
2013-02-01,West,Wind,DSO,441.118
2013-02-01,West,Wind,TSO,720.0
2013-02-01,West,Wind,TSO,83.0
2013-02-01,East,Solar,DSO,106.609
2013-02-01,East,Solar,TSO,520.6
2013-02-01,South,Solar,DSO,22.97
2013-02-01,South,Solar,TSO,87.0
2013-02-01,West,Solar,DSO,9.2
2013-03-01,East,Wind,DSO,349.389
2013-03-01,East,Wind,TSO,491.4
2013-03-01,East,Wind,TSO,34.0
2013-03-01,North,Wind,DSO,340.498
2013-03-01,North,Wind,TSO,356.9
2013-03-01,South,Wind,DSO,1093.551
2013-03-01,South,Wind,TSO,999.85
2013-03-01,South,Wind,TSO,28.8
2013-03-01,West,Wind,DSO,441.118
2013-03-01,West,Wind,TSO,720.0
2013-03-01,West,Wind,TSO,83.0
2013-03-01,East,Solar,DSO,106.609
2013-03-01,East,Solar,TSO,520.6
2013-03-01,South,Solar,DSO,22.97
2013-03-01,South,Solar,TSO,87.0
2013-03-01,West,Solar,DSO,9.2
2013-04-01,East,Wind,DSO,349.389
2013-04-01,East,Wind,TSO,491.4
2013-04-01,East,Wind,TSO,34.0
2013-04-01,North,Wind,DSO,340.498
2013-04-01,North,Wind,TSO,356.9
2013-04-01,South,Wind,DSO,1093.551
2013-04-01,South,Wind,TSO,999.85
2013-04-01,South,Wind,TSO,28.8
2013-04-01,West,Wind,DSO,441.118
2013-04-01,West,Wind,TSO,720.0
2013-04-01,West,Wind,TSO,83.0
2013-04-01,East,Solar,DSO,106.609
2013-04-01,East,Solar,TSO,520.6
2013-04-01,South,Solar,DSO,22.97
2013-04-01,South,Solar,TSO,87.0
2013-04-01,West,Solar,DSO,9.2
2013-05-01,East,Wind,DSO,349.389
2013-05-01,East,Wind,TSO,491.4
2013-05-01,East,Wind,TSO,34.0
2013-05-01,North,Wind,DSO,340.498
2013-05-01,North,Wind,TSO,356.9
2013-05-01,South,Wind,DSO,1093.551
2013-05-01,South,Wind,TSO,999.85
2013-05-01,South,Wind,TSO,28.8
2013-05-01,West,Wind,DSO,441.118
2013-05-01,West,Wind,TSO,720.0
2013-05-01,West,Wind,TSO,83.0
2013-05-01,East,Solar,DSO,106.609
2013-05-01,East,Solar,TSO,520.6
2013-05-01,South,Solar,DSO,22.97
2013-05-01,South,Solar,TSO,87.0
2013-05-01,West,Solar,DSO,9.2
2013-06-01,East,Wind,DSO,349.389
2013-06-01,East,Wind,TSO,491.4
2013-06-01,East,Wind,TSO,34.0
2013-06-01,North,Wind,DSO,340.498
2013-06-01,North,Wind,TSO,356.9
2013-06-01,South,Wind,DSO,1093.551
2013-06-01,South,Wind,TSO,999.85
2013-06-01,South,Wind,TSO,28.8
2013-06-01,West,Wind,DSO,441.118
2013-06-01,West,Wind,TSO,720.0
2013-06-01,West,Wind,TSO,83.0
2013-06-01,East,Solar,DSO,106.609
2013-06-01,East,Solar,TSO,520.6
2013-06-01,South,Solar,DSO,22.97
2013-06-01,South,Solar,TSO,87.0
2013-06-01,West,Solar,DSO,9.2
2013-07-01,East,Wind,DSO,349.389
2013-07-01,East,Wind,TSO,491.4
2013-07-01,East,Wind,TSO,34.0
2013-07-01,North,Wind,DSO,340.498
2013-07-01,North,Wind,TSO,356.9
2013-07-01,South,Wind,DSO,1093.551
2013-07-01,South,Wind,TSO,999.85
2013-07-01,South,Wind,TSO,28.8
2013-07-01,West,Wind,DSO,441.118
2013-07-01,West,Wind,TSO,720.0
2013-07-01,West,Wind,TSO,83.0
2013-07-01,East,Solar,DSO,106.609
2013-07-01,East,Solar,TSO,520.6
2013-07-01,South,Solar,DSO,22.97
2013-07-01,South,Solar,TSO,87.0
2013-07-01,West,Solar,DSO,9.2
2013-08-01,East,Wind,DSO,349.389
2013-08-01,East,Wind,TSO,491.4
2013-08-01,East,Wind,TSO,34.0
2013-08-01,North,Wind,DSO,340.498
2013-08-01,North,Wind,TSO,356.9
2013-08-01,South,Wind,DSO,1093.551
2013-08-01,South,Wind,TSO,999.85
2013-08-01,South,Wind,TSO,28.8
2013-08-01,West,Wind,DSO,441.118
2013-08-01,West,Wind,TSO,720.0
2013-08-01,West,Wind,TSO,83.0
2013-08-01,East,Solar,DSO,106.609
2013-08-01,East,Solar,TSO,520.6
2013-08-01,South,Solar,DSO,22.97
2013-08-01,South,Solar,TSO,87.0
2013-08-01,West,Solar,DSO,9.2
2013-09-01,East,Wind,DSO,349.389
2013-09-01,East,Wind,TSO,491.4
2013-09-01,East,Wind,TSO,34.0
2013-09-01,North,Wind,DSO,340.498
2013-09-01,North,Wind,TSO,356.9
2013-09-01,South,Wind,DSO,1093.551
2013-09-01,South,Wind,TSO,999.85
2013-09-01,South,Wind,TSO,28.8
2013-09-01,West,Wind,DSO,441.118
2013-09-01,West,Wind,TSO,720.0
2013-09-01,West,Wind,TSO,83.0
2013-09-01,East,Solar,DSO,106.609
2013-09-01,East,Solar,TSO,520.6
2013-09-01,South,Solar,DSO,22.97
2013-09-01,South,Solar,TSO,87.0
2013-09-01,West,Solar,DSO,9.2
2013-10-01,East,Wind,DSO,349.389
2013-10-01,East,Wind,TSO,491.4
2013-10-01,East,Wind,TSO,34.0
2013-10-01,North,Wind,DSO,340.498
2013-10-01,North,Wind,TSO,356.9
2013-10-01,South,Wind,DSO,1093.551
2013-10-01,South,Wind,TSO,999.85
2013-10-01,South,Wind,TSO,28.8
2013-10-01,West,Wind,DSO,441.118
2013-10-01,West,Wind,TSO,720.0
2013-10-01,West,Wind,TSO,83.0
2013-10-01,East,Solar,DSO,106.609
2013-10-01,East,Solar,TSO,520.6
2013-10-01,South,Solar,DSO,22.97
2013-10-01,South,Solar,TSO,87.0
2013-10-01,West,Solar,DSO,9.2
2013-11-01,East,Wind,DSO,349.389
2013-11-01,East,Wind,TSO,491.4
2013-11-01,East,Wind,TSO,34.0
2013-11-01,North,Wind,DSO,340.498
2013-11-01,North,Wind,TSO,356.9
2013-11-01,South,Wind,DSO,1093.551
2013-11-01,South,Wind,TSO,999.85
2013-11-01,South,Wind,TSO,28.8
2013-11-01,West,Wind,DSO,441.118
2013-11-01,West,Wind,TSO,720.0
2013-11-01,West,Wind,TSO,83.0
2013-11-01,East,Solar,DSO,106.609
2013-11-01,East,Solar,TSO,520.6
2013-11-01,South,Solar,DSO,22.97
2013-11-01,South,Solar,TSO,87.0
2013-11-01,West,Solar,DSO,9.2
2013-12-01,East,Wind,DSO,349.389
2013-12-01,East,Wind,TSO,491.4
2013-12-01,East,Wind,TSO,34.0
2013-12-01,North,Wind,DSO,340.498
2013-12-01,North,Wind,TSO,356.9
2013-12-01,South,Wind,DSO,1093.551
2013-12-01,South,Wind,TSO,999.85
2013-12-01,South,Wind,TSO,28.8
2013-12-01,West,Wind,DSO,441.118
2013-12-01,West,Wind,TSO,720.0
2013-12-01,West,Wind,TSO,83.0
2013-12-01,East,Solar,DSO,106.609
2013-12-01,East,Solar,TSO,520.6
2013-12-01,South,Solar,DSO,22.97
2013-12-01,South,Solar,TSO,87.0
2013-12-01,West,Solar,DSO,9.2
2014-01-01,East,Wind,DSO,349.389
2014-01-01,East,Wind,TSO,491.4
2014-01-01,East,Wind,TSO,34.0
2014-01-01,North,Wind,DSO,340.498
2014-01-01,North,Wind,TSO,356.9
2014-01-01,South,Wind,DSO,1093.551
2014-01-01,South,Wind,TSO,999.85
2014-01-01,South,Wind,TSO,28.8
2014-01-01,West,Wind,DSO,441.118
2014-01-01,West,Wind,TSO,720.0
2014-01-01,West,Wind,TSO,83.0
2014-01-01,East,Solar,DSO,106.609
2014-01-01,East,Solar,TSO,520.6
2014-01-01,South,Solar,DSO,22.97
2014-01-01,South,Solar,TSO,87.0
2014-01-01,West,Solar,DSO,9.2
2014-02-01,East,Wind,DSO,349.389
2014-02-01,East,Wind,TSO,491.4
2014-02-01,East,Wind,TSO,34.0
2014-02-01,North,Wind,DSO,340.498
2014-02-01,North,Wind,TSO,356.9
2014-02-01,South,Wind,DSO,1093.551
2014-02-01,South,Wind,TSO,999.85
2014-02-01,South,Wind,TSO,28.8
2014-02-01,West,Wind,DSO,441.118
2014-02-01,West,Wind,TSO,720.0
2014-02-01,West,Wind,TSO,83.0
2014-02-01,East,Solar,DSO,106.609
2014-02-01,East,Solar,TSO,520.6
2014-02-01,South,Solar,DSO,22.97
2014-02-01,South,Solar,TSO,87.0
2014-02-01,West,Solar,DSO,9.2
2014-03-01,East,Wind,DSO,349.389
2014-03-01,East,Wind,TSO,491.4
2014-03-01,East,Wind,TSO,34.0
2014-03-01,North,Wind,DSO,340.498
2014-03-01,North,Wind,TSO,356.9
2014-03-01,South,Wind,DSO,1093.551
2014-03-01,South,Wind,TSO,999.85
2014-03-01,South,Wind,TSO,28.8
2014-03-01,West,Wind,DSO,441.118
2014-03-01,West,Wind,TSO,720.0
2014-03-01,West,Wind,TSO,83.0
2014-03-01,East,Solar,DSO,106.609
2014-03-01,East,Solar,TSO,520.6
2014-03-01,South,Solar,DSO,22.97
2014-03-01,South,Solar,TSO,87.0
2014-03-01,West,Solar,DSO,9.2
2014-04-01,East,Wind,DSO,349.389
2014-04-01,East,Wind,TSO,491.4
2014-04-01,East,Wind,TSO,34.0
2014-04-01,North,Wind,DSO,340.498
2014-04-01,North,Wind,TSO,356.9
2014-04-01,South,Wind,DSO,1093.551
2014-04-01,South,Wind,TSO,999.85
2014-04-01,South,Wind,TSO,28.8
2014-04-01,West,Wind,DSO,441.118
2014-04-01,West,Wind,TSO,720.0
2014-04-01,West,Wind,TSO,83.0
2014-04-01,East,Solar,DSO,106.609
2014-04-01,East,Solar,TSO,520.6
2014-04-01,South,Solar,DSO,22.97
2014-04-01,South,Solar,TSO,87.0
2014-04-01,West,Solar,DSO,9.2
2014-05-01,East,Wind,DSO,349.389
2014-05-01,East,Wind,TSO,491.4
2014-05-01,East,Wind,TSO,34.0
2014-05-01,North,Wind,DSO,340.498
2014-05-01,North,Wind,TSO,356.9
2014-05-01,South,Wind,DSO,1093.551
2014-05-01,South,Wind,TSO,999.85
2014-05-01,South,Wind,TSO,28.8
2014-05-01,West,Wind,DSO,441.118
2014-05-01,West,Wind,TSO,720.0
2014-05-01,West,Wind,TSO,83.0
2014-05-01,East,Solar,DSO,106.609
2014-05-01,East,Solar,TSO,520.6
2014-05-01,South,Solar,DSO,22.97
2014-05-01,South,Solar,TSO,87.0
2014-05-01,West,Solar,DSO,9.2
2014-06-01,East,Wind,DSO,349.389
2014-06-01,East,Wind,TSO,491.4
2014-06-01,East,Wind,TSO,34.0
2014-06-01,North,Wind,DSO,340.498
2014-06-01,North,Wind,TSO,356.9
2014-06-01,South,Wind,DSO,1093.551
2014-06-01,South,Wind,TSO,999.85
2014-06-01,South,Wind,TSO,28.8
2014-06-01,West,Wind,DSO,441.118
2014-06-01,West,Wind,TSO,720.0
2014-06-01,West,Wind,TSO,83.0
2014-06-01,East,Solar,DSO,106.609
2014-06-01,East,Solar,TSO,520.6
2014-06-01,South,Solar,DSO,22.97
2014-06-01,South,Solar,TSO,87.0
2014-06-01,West,Solar,DSO,9.2
2014-07-01,East,Wind,DSO,349.389
2014-07-01,East,Wind,TSO,491.4
2014-07-01,East,Wind,TSO,34.0
2014-07-01,North,Wind,DSO,340.498
2014-07-01,North,Wind,TSO,356.9
2014-07-01,South,Wind,DSO,1093.551
2014-07-01,South,Wind,TSO,999.85
2014-07-01,South,Wind,TSO,28.8
2014-07-01,West,Wind,DSO,441.118
2014-07-01,West,Wind,TSO,720.0
2014-07-01,West,Wind,TSO,83.0
2014-07-01,East,Solar,DSO,106.609
2014-07-01,East,Solar,TSO,520.6
2014-07-01,South,Solar,DSO,22.97
2014-07-01,South,Solar,TSO,87.0
2014-07-01,West,Solar,DSO,9.2
2014-08-01,East,Wind,DSO,349.389
2014-08-01,East,Wind,TSO,491.4
2014-08-01,East,Wind,TSO,34.0
2014-08-01,North,Wind,DSO,340.498
2014-08-01,North,Wind,TSO,356.9
2014-08-01,South,Wind,DSO,1093.551
2014-08-01,South,Wind,TSO,999.85
2014-08-01,South,Wind,TSO,28.8
2014-08-01,West,Wind,DSO,441.118
2014-08-01,West,Wind,TSO,720.0
2014-08-01,West,Wind,TSO,83.0
2014-08-01,East,Solar,DSO,106.609
2014-08-01,East,Solar,TSO,520.6
2014-08-01,South,Solar,DSO,22.97
2014-08-01,South,Solar,TSO,87.0
2014-08-01,West,Solar,DSO,9.2
2014-09-01,East,Wind,DSO,349.389
2014-09-01,East,Wind,TSO,491.4
2014-09-01,East,Wind,TSO,34.0
2014-09-01,North,Wind,DSO,340.498
2014-09-01,North,Wind,TSO,356.9
2014-09-01,South,Wind,DSO,1093.551
2014-09-01,South,Wind,TSO,999.85
2014-09-01,South,Wind,TSO,28.8
2014-09-01,West,Wind,DSO,441.118
2014-09-01,West,Wind,TSO,720.0
2014-09-01,West,Wind,TSO,83.0
2014-09-01,East,Solar,DSO,106.609
2014-09-01,East,Solar,TSO,520.6
2014-09-01,South,Solar,DSO,22.97
2014-09-01,South,Solar,TSO,87.0
2014-09-01,West,Solar,DSO,9.2
2014-10-01,East,Wind,DSO,349.389
2014-10-01,East,Wind,TSO,491.4
2014-10-01,East,Wind,TSO,34.0
2014-10-01,North,Wind,DSO,340.498
2014-10-01,North,Wind,TSO,356.9
2014-10-01,South,Wind,DSO,1093.551
2014-10-01,South,Wind,TSO,999.85
2014-10-01,South,Wind,TSO,28.8
2014-10-01,West,Wind,DSO,441.118
2014-10-01,West,Wind,TSO,720.0
2014-10-01,West,Wind,TSO,83.0
2014-10-01,East,Solar,DSO,106.609
2014-10-01,East,Solar,TSO,520.6
2014-10-01,South,Solar,DSO,22.97
2014-10-01,South,Solar,TSO,87.0
2014-10-01,West,Solar,DSO,9.2
2014-11-01,East,Wind,DSO,349.389
2014-11-01,East,Wind,TSO,491.4
2014-11-01,East,Wind,TSO,34.0
2014-11-01,North,Wind,DSO,340.498
2014-11-01,North,Wind,TSO,356.9
2014-11-01,South,Wind,DSO,1093.551
2014-11-01,South,Wind,TSO,999.85
2014-11-01,South,Wind,TSO,28.8
2014-11-01,West,Wind,DSO,441.118
2014-11-01,West,Wind,TSO,720.0
2014-11-01,West,Wind,TSO,83.0
2014-11-01,East,Solar,DSO,106.609
2014-11-01,East,Solar,TSO,520.6
2014-11-01,South,Solar,DSO,22.97
2014-11-01,South,Solar,TSO,87.0
2014-11-01,West,Solar,DSO,9.2
2014-12-01,East,Wind,DSO,349.389
2014-12-01,East,Wind,TSO,491.4
2014-12-01,East,Wind,TSO,34.0
2014-12-01,North,Wind,DSO,340.498
2014-12-01,North,Wind,TSO,356.9
2014-12-01,South,Wind,DSO,1093.551
2014-12-01,South,Wind,TSO,999.85
2014-12-01,South,Wind,TSO,28.8
2014-12-01,West,Wind,DSO,441.118
2014-12-01,West,Wind,TSO,720.0
2014-12-01,West,Wind,TSO,83.0
2014-12-01,East,Solar,DSO,106.609
2014-12-01,East,Solar,TSO,520.6
2014-12-01,South,Solar,DSO,22.97
2014-12-01,South,Solar,TSO,87.0
2014-12-01,West,Solar,DSO,9.2
2015-01-01,East,Wind,DSO,349.389
2015-01-01,East,Wind,TSO,491.4
2015-01-01,East,Wind,TSO,34.0
2015-01-01,North,Wind,DSO,340.498
2015-01-01,North,Wind,TSO,356.9
2015-01-01,South,Wind,DSO,1093.551
2015-01-01,South,Wind,TSO,999.85
2015-01-01,South,Wind,TSO,28.8
2015-01-01,West,Wind,DSO,441.118
2015-01-01,West,Wind,TSO,720.0
2015-01-01,West,Wind,TSO,83.0
2015-01-01,East,Solar,DSO,106.609
2015-01-01,East,Solar,TSO,520.6
2015-01-01,South,Solar,DSO,22.97
2015-01-01,South,Solar,TSO,87.0
2015-01-01,West,Solar,DSO,9.2
2015-02-01,East,Wind,DSO,349.389
2015-02-01,East,Wind,TSO,491.4
2015-02-01,East,Wind,TSO,34.0
2015-02-01,North,Wind,DSO,340.498
2015-02-01,North,Wind,TSO,356.9
2015-02-01,South,Wind,DSO,1093.551
2015-02-01,South,Wind,TSO,999.85
2015-02-01,South,Wind,TSO,28.8
2015-02-01,West,Wind,DSO,441.118
2015-02-01,West,Wind,TSO,720.0
2015-02-01,West,Wind,TSO,83.0
2015-02-01,East,Solar,DSO,106.609
2015-02-01,East,Solar,TSO,520.6
2015-02-01,South,Solar,DSO,22.97
2015-02-01,South,Solar,TSO,87.0
2015-02-01,West,Solar,DSO,9.2
2015-03-01,East,Wind,DSO,349.389
2015-03-01,East,Wind,TSO,491.4
2015-03-01,East,Wind,TSO,34.0
2015-03-01,North,Wind,DSO,340.498
2015-03-01,North,Wind,TSO,356.9
2015-03-01,South,Wind,DSO,1093.551
2015-03-01,South,Wind,TSO,999.85
2015-03-01,South,Wind,TSO,28.8
2015-03-01,West,Wind,DSO,441.118
2015-03-01,West,Wind,TSO,720.0
2015-03-01,West,Wind,TSO,83.0
2015-03-01,East,Solar,DSO,106.609
2015-03-01,East,Solar,TSO,520.6
2015-03-01,South,Solar,DSO,22.97
2015-03-01,South,Solar,TSO,87.0
2015-03-01,West,Solar,DSO,9.2
2015-04-01,East,Wind,DSO,349.389
2015-04-01,East,Wind,TSO,491.4
2015-04-01,East,Wind,TSO,34.0
2015-04-01,North,Wind,DSO,340.498
2015-04-01,North,Wind,TSO,356.9
2015-04-01,South,Wind,DSO,1093.551
2015-04-01,South,Wind,TSO,999.85
2015-04-01,South,Wind,TSO,28.8
2015-04-01,West,Wind,DSO,441.118
2015-04-01,West,Wind,TSO,720.0
2015-04-01,West,Wind,TSO,83.0
2015-04-01,East,Solar,DSO,106.609
2015-04-01,East,Solar,TSO,520.6
2015-04-01,South,Solar,DSO,22.97
2015-04-01,South,Solar,TSO,87.0
2015-04-01,West,Solar,DSO,9.2
2015-05-01,East,Wind,DSO,349.389
2015-05-01,East,Wind,TSO,491.4
2015-05-01,East,Wind,TSO,34.0
2015-05-01,North,Wind,DSO,340.498
2015-05-01,North,Wind,TSO,356.9
2015-05-01,South,Wind,DSO,1093.551
2015-05-01,South,Wind,TSO,999.85
2015-05-01,South,Wind,TSO,28.8
2015-05-01,West,Wind,DSO,441.118
2015-05-01,West,Wind,TSO,720.0
2015-05-01,West,Wind,TSO,83.0
2015-05-01,East,Solar,DSO,106.609
2015-05-01,East,Solar,TSO,520.6
2015-05-01,South,Solar,DSO,22.97
2015-05-01,South,Solar,TSO,87.0
2015-05-01,West,Solar,DSO,9.2
2015-06-01,East,Wind,DSO,349.389
2015-06-01,East,Wind,TSO,491.4
2015-06-01,East,Wind,TSO,34.0
2015-06-01,North,Wind,DSO,340.498
2015-06-01,North,Wind,TSO,356.9
2015-06-01,South,Wind,DSO,1093.551
2015-06-01,South,Wind,TSO,999.85
2015-06-01,South,Wind,TSO,28.8
2015-06-01,West,Wind,DSO,441.118
2015-06-01,West,Wind,TSO,720.0
2015-06-01,West,Wind,TSO,83.0
2015-06-01,East,Solar,DSO,106.609
2015-06-01,East,Solar,TSO,520.6
2015-06-01,South,Solar,DSO,22.97
2015-06-01,South,Solar,TSO,87.0
2015-06-01,West,Solar,DSO,9.2
2015-07-01,East,Wind,DSO,349.389
2015-07-01,East,Wind,TSO,491.4
2015-07-01,East,Wind,TSO,34.0
2015-07-01,North,Wind,DSO,340.498
2015-07-01,North,Wind,TSO,356.9
2015-07-01,South,Wind,DSO,1093.551
2015-07-01,South,Wind,TSO,999.85
2015-07-01,South,Wind,TSO,28.8
2015-07-01,West,Wind,DSO,441.118
2015-07-01,West,Wind,TSO,720.0
2015-07-01,West,Wind,TSO,83.0
2015-07-01,East,Solar,DSO,106.609
2015-07-01,East,Solar,TSO,520.6
2015-07-01,South,Solar,DSO,22.97
2015-07-01,South,Solar,TSO,87.0
2015-07-01,West,Solar,DSO,9.2
2015-08-01,East,Wind,DSO,349.389
2015-08-01,East,Wind,TSO,491.4
2015-08-01,East,Wind,TSO,34.0
2015-08-01,North,Wind,DSO,340.498
2015-08-01,North,Wind,TSO,356.9
2015-08-01,South,Wind,DSO,1093.551
2015-08-01,South,Wind,TSO,999.85
2015-08-01,South,Wind,TSO,28.8
2015-08-01,West,Wind,DSO,441.118
2015-08-01,West,Wind,TSO,720.0
2015-08-01,West,Wind,TSO,83.0
2015-08-01,East,Solar,DSO,106.609
2015-08-01,East,Solar,TSO,520.6
2015-08-01,South,Solar,DSO,22.97
2015-08-01,South,Solar,TSO,87.0
2015-08-01,West,Solar,DSO,9.2
2015-09-01,East,Wind,DSO,349.389
2015-09-01,East,Wind,TSO,491.4
2015-09-01,East,Wind,TSO,34.0
2015-09-01,North,Wind,DSO,340.498
2015-09-01,North,Wind,TSO,356.9
2015-09-01,South,Wind,DSO,1093.551
2015-09-01,South,Wind,TSO,999.85
2015-09-01,South,Wind,TSO,28.8
2015-09-01,West,Wind,DSO,441.118
2015-09-01,West,Wind,TSO,720.0
2015-09-01,West,Wind,TSO,83.0
2015-09-01,East,Solar,DSO,106.609
2015-09-01,East,Solar,TSO,520.6
2015-09-01,South,Solar,DSO,22.97
2015-09-01,South,Solar,TSO,87.0
2015-09-01,West,Solar,DSO,9.2
2015-10-01,East,Wind,DSO,349.389
2015-10-01,East,Wind,TSO,491.4
2015-10-01,East,Wind,TSO,34.0
2015-10-01,North,Wind,DSO,340.498
2015-10-01,North,Wind,TSO,356.9
2015-10-01,South,Wind,DSO,1093.551
2015-10-01,South,Wind,TSO,999.85
2015-10-01,South,Wind,TSO,28.8
2015-10-01,West,Wind,DSO,441.118
2015-10-01,West,Wind,TSO,720.0
2015-10-01,West,Wind,TSO,83.0
2015-10-01,East,Solar,DSO,106.609
2015-10-01,East,Solar,TSO,520.6
2015-10-01,South,Solar,DSO,22.97
2015-10-01,South,Solar,TSO,87.0
2015-10-01,West,Solar,DSO,9.2
2015-11-01,East,Wind,DSO,349.389
2015-11-01,East,Wind,TSO,491.4
2015-11-01,East,Wind,TSO,34.0
2015-11-01,North,Wind,DSO,340.498
2015-11-01,North,Wind,TSO,356.9
2015-11-01,South,Wind,DSO,1093.551
2015-11-01,South,Wind,TSO,999.85
2015-11-01,South,Wind,TSO,28.8
2015-11-01,West,Wind,DSO,441.118
2015-11-01,West,Wind,TSO,720.0
2015-11-01,West,Wind,TSO,83.0
2015-11-01,East,Solar,DSO,106.609
2015-11-01,East,Solar,TSO,520.6
2015-11-01,South,Solar,DSO,22.97
2015-11-01,South,Solar,TSO,87.0
2015-11-01,West,Solar,DSO,9.2
2015-12-01,East,Wind,DSO,349.389
2015-12-01,East,Wind,TSO,491.4
2015-12-01,East,Wind,TSO,34.0
2015-12-01,North,Wind,DSO,340.498
2015-12-01,North,Wind,TSO,356.9
2015-12-01,South,Wind,DSO,1093.551
2015-12-01,South,Wind,TSO,999.85
2015-12-01,South,Wind,TSO,28.8
2015-12-01,West,Wind,DSO,441.118
2015-12-01,West,Wind,TSO,720.0
2015-12-01,West,Wind,TSO,83.0
2015-12-01,East,Solar,DSO,106.609
2015-12-01,East,Solar,TSO,520.6
2015-12-01,South,Solar,DSO,22.97
2015-12-01,South,Solar,TSO,87.0
2015-12-01,West,Solar,DSO,9.2
2016-01-01,East,Wind,DSO,349.389
2016-01-01,East,Wind,TSO,491.4
2016-01-01,East,Wind,TSO,34.0
2016-01-01,North,Wind,DSO,340.498
2016-01-01,North,Wind,TSO,356.9
2016-01-01,South,Wind,DSO,1093.551
2016-01-01,South,Wind,TSO,999.85
2016-01-01,South,Wind,TSO,28.8
2016-01-01,West,Wind,DSO,441.118
2016-01-01,West,Wind,TSO,720.0
2016-01-01,West,Wind,TSO,83.0
2016-01-01,East,Solar,DSO,106.609
2016-01-01,East,Solar,TSO,520.6
2016-01-01,South,Solar,DSO,22.97
2016-01-01,South,Solar,TSO,87.0
2016-01-01,West,Solar,DSO,9.2
2016-02-01,East,Wind,DSO,349.389
2016-02-01,East,Wind,TSO,491.4
2016-02-01,East,Wind,TSO,34.0
2016-02-01,North,Wind,DSO,340.498
2016-02-01,North,Wind,TSO,356.9
2016-02-01,South,Wind,DSO,1093.551
2016-02-01,South,Wind,TSO,999.85
2016-02-01,South,Wind,TSO,28.8
2016-02-01,West,Wind,DSO,441.118
2016-02-01,West,Wind,TSO,720.0
2016-02-01,West,Wind,TSO,83.0
2016-02-01,East,Solar,DSO,106.609
2016-02-01,East,Solar,TSO,520.6
2016-02-01,South,Solar,DSO,22.97
2016-02-01,South,Solar,TSO,87.0
2016-02-01,West,Solar,DSO,9.2
2016-03-01,East,Wind,DSO,349.389
2016-03-01,East,Wind,TSO,491.4
2016-03-01,East,Wind,TSO,34.0
2016-03-01,North,Wind,DSO,340.498
2016-03-01,North,Wind,TSO,356.9
2016-03-01,South,Wind,DSO,1093.551
2016-03-01,South,Wind,TSO,999.85
2016-03-01,South,Wind,TSO,28.8
2016-03-01,West,Wind,DSO,441.118
2016-03-01,West,Wind,TSO,720.0
2016-03-01,West,Wind,TSO,83.0
2016-03-01,East,Solar,DSO,106.609
2016-03-01,East,Solar,TSO,520.6
2016-03-01,South,Solar,DSO,22.97
2016-03-01,South,Solar,TSO,87.0
2016-03-01,West,Solar,DSO,9.2
2016-04-01,East,Wind,DSO,349.389
2016-04-01,East,Wind,TSO,491.4
2016-04-01,East,Wind,TSO,34.0
2016-04-01,North,Wind,DSO,340.498
2016-04-01,North,Wind,TSO,356.9
2016-04-01,South,Wind,DSO,1093.551
2016-04-01,South,Wind,TSO,999.85
2016-04-01,South,Wind,TSO,28.8
2016-04-01,West,Wind,DSO,441.118
2016-04-01,West,Wind,TSO,720.0
2016-04-01,West,Wind,TSO,83.0
2016-04-01,East,Solar,DSO,106.609
2016-04-01,East,Solar,TSO,520.6
2016-04-01,South,Solar,DSO,22.97
2016-04-01,South,Solar,TSO,87.0
2016-04-01,West,Solar,DSO,9.2
2016-05-01,East,Wind,DSO,349.389
2016-05-01,East,Wind,TSO,491.4
2016-05-01,East,Wind,TSO,34.0
2016-05-01,North,Wind,DSO,340.498
2016-05-01,North,Wind,TSO,356.9
2016-05-01,South,Wind,DSO,1093.551
2016-05-01,South,Wind,TSO,999.85
2016-05-01,South,Wind,TSO,28.8
2016-05-01,West,Wind,DSO,441.118
2016-05-01,West,Wind,TSO,720.0
2016-05-01,West,Wind,TSO,83.0
2016-05-01,East,Solar,DSO,106.609
2016-05-01,East,Solar,TSO,520.6
2016-05-01,South,Solar,DSO,22.97
2016-05-01,South,Solar,TSO,87.0
2016-05-01,West,Solar,DSO,9.2
2016-06-01,East,Wind,DSO,349.389
2016-06-01,East,Wind,TSO,491.4
2016-06-01,East,Wind,TSO,34.0
2016-06-01,North,Wind,DSO,340.498
2016-06-01,North,Wind,TSO,356.9
2016-06-01,South,Wind,DSO,1093.551
2016-06-01,South,Wind,TSO,999.85
2016-06-01,South,Wind,TSO,28.8
2016-06-01,West,Wind,DSO,441.118
2016-06-01,West,Wind,TSO,720.0
2016-06-01,West,Wind,TSO,83.0
2016-06-01,East,Solar,DSO,106.609
2016-06-01,East,Solar,TSO,520.6
2016-06-01,South,Solar,DSO,22.97
2016-06-01,South,Solar,TSO,87.0
2016-06-01,West,Solar,DSO,9.2
2016-07-01,East,Wind,DSO,349.389
2016-07-01,East,Wind,TSO,491.4
2016-07-01,East,Wind,TSO,34.0
2016-07-01,North,Wind,DSO,340.498
2016-07-01,North,Wind,TSO,356.9
2016-07-01,South,Wind,DSO,1093.551
2016-07-01,South,Wind,TSO,999.85
2016-07-01,South,Wind,TSO,28.8
2016-07-01,West,Wind,DSO,441.118
2016-07-01,West,Wind,TSO,720.0
2016-07-01,West,Wind,TSO,83.0
2016-07-01,East,Solar,DSO,106.609
2016-07-01,East,Solar,TSO,520.6
2016-07-01,South,Solar,DSO,22.97
2016-07-01,South,Solar,TSO,87.0
2016-07-01,West,Solar,DSO,9.2
2016-08-01,East,Wind,DSO,349.389
2016-08-01,East,Wind,TSO,491.4
2016-08-01,East,Wind,TSO,34.0
2016-08-01,North,Wind,DSO,340.498
2016-08-01,North,Wind,TSO,356.9
2016-08-01,South,Wind,DSO,1093.551
2016-08-01,South,Wind,TSO,999.85
2016-08-01,South,Wind,TSO,28.8
2016-08-01,West,Wind,DSO,441.118
2016-08-01,West,Wind,TSO,720.0
2016-08-01,West,Wind,TSO,83.0
2016-08-01,East,Solar,DSO,106.609
2016-08-01,East,Solar,TSO,520.6
2016-08-01,South,Solar,DSO,22.97
2016-08-01,South,Solar,TSO,87.0
2016-08-01,West,Solar,DSO,9.2
2016-09-01,East,Wind,DSO,349.389
2016-09-01,East,Wind,TSO,491.4
2016-09-01,East,Wind,TSO,34.0
2016-09-01,North,Wind,DSO,340.498
2016-09-01,North,Wind,TSO,356.9
2016-09-01,South,Wind,DSO,1093.551
2016-09-01,South,Wind,TSO,999.85
2016-09-01,South,Wind,TSO,28.8
2016-09-01,West,Wind,DSO,441.118
2016-09-01,West,Wind,TSO,720.0
2016-09-01,West,Wind,TSO,83.0
2016-09-01,East,Solar,DSO,106.609
2016-09-01,East,Solar,TSO,520.6
2016-09-01,South,Solar,DSO,22.97
2016-09-01,South,Solar,TSO,87.0
2016-09-01,West,Solar,DSO,9.2
2016-10-01,East,Wind,DSO,349.389
2016-10-01,East,Wind,TSO,491.4
2016-10-01,East,Wind,TSO,34.0
2016-10-01,North,Wind,DSO,340.498
2016-10-01,North,Wind,TSO,356.9
2016-10-01,South,Wind,DSO,1093.551
2016-10-01,South,Wind,TSO,999.85
2016-10-01,South,Wind,TSO,28.8
2016-10-01,West,Wind,DSO,441.118
2016-10-01,West,Wind,TSO,720.0
2016-10-01,West,Wind,TSO,83.0
2016-10-01,East,Solar,DSO,106.609
2016-10-01,East,Solar,TSO,520.6
2016-10-01,South,Solar,DSO,22.97
2016-10-01,South,Solar,TSO,87.0
2016-10-01,West,Solar,DSO,9.2
2016-11-01,East,Wind,DSO,349.389
2016-11-01,East,Wind,TSO,491.4
2016-11-01,East,Wind,TSO,34.0
2016-11-01,North,Wind,DSO,340.498
2016-11-01,North,Wind,TSO,356.9
2016-11-01,South,Wind,DSO,1093.551
2016-11-01,South,Wind,TSO,999.85
2016-11-01,South,Wind,TSO,28.8
2016-11-01,West,Wind,DSO,441.118
2016-11-01,West,Wind,TSO,720.0
2016-11-01,West,Wind,TSO,83.0
2016-11-01,East,Solar,DSO,106.609
2016-11-01,East,Solar,TSO,520.6
2016-11-01,South,Solar,DSO,22.97
2016-11-01,South,Solar,TSO,87.0
2016-11-01,West,Solar,DSO,9.2
2016-12-01,East,Wind,DSO,349.389
2016-12-01,East,Wind,TSO,491.4
2016-12-01,East,Wind,TSO,34.0
2016-12-01,North,Wind,DSO,340.498
2016-12-01,North,Wind,TSO,356.9
2016-12-01,South,Wind,DSO,1093.551
2016-12-01,South,Wind,TSO,999.85
2016-12-01,South,Wind,TSO,28.8
2016-12-01,West,Wind,DSO,441.118
2016-12-01,West,Wind,TSO,720.0
2016-12-01,West,Wind,TSO,83.0
2016-12-01,East,Solar,DSO,106.609
2016-12-01,East,Solar,TSO,520.6
2016-12-01,South,Solar,DSO,22.97
2016-12-01,South,Solar,TSO,87.0
2016-12-01,West,Solar,DSO,9.2
2017-01-01,East,Wind,DSO,349.389
2017-01-01,East,Wind,TSO,491.4
2017-01-01,East,Wind,TSO,34.0
2017-01-01,North,Wind,DSO,340.498
2017-01-01,North,Wind,TSO,356.9
2017-01-01,South,Wind,DSO,1093.551
2017-01-01,South,Wind,TSO,999.85
2017-01-01,South,Wind,TSO,28.8
2017-01-01,West,Wind,DSO,441.118
2017-01-01,West,Wind,TSO,720.0
2017-01-01,West,Wind,TSO,83.0
2017-01-01,East,Solar,DSO,106.609
2017-01-01,East,Solar,TSO,520.6
2017-01-01,South,Solar,DSO,22.97
2017-01-01,South,Solar,TSO,87.0
2017-01-01,West,Solar,DSO,9.2
2017-02-01,East,Wind,DSO,349.389
2017-02-01,East,Wind,TSO,491.4
2017-02-01,East,Wind,TSO,34.0
2017-02-01,North,Wind,DSO,340.498
2017-02-01,North,Wind,TSO,356.9
2017-02-01,South,Wind,DSO,1093.551
2017-02-01,South,Wind,TSO,999.85
2017-02-01,South,Wind,TSO,28.8
2017-02-01,West,Wind,DSO,441.118
2017-02-01,West,Wind,TSO,720.0
2017-02-01,West,Wind,TSO,83.0
2017-02-01,East,Solar,DSO,106.609
2017-02-01,East,Solar,TSO,520.6
2017-02-01,South,Solar,DSO,22.97
2017-02-01,South,Solar,TSO,87.0
2017-02-01,West,Solar,DSO,9.2
2017-03-01,East,Wind,DSO,349.389
2017-03-01,East,Wind,TSO,491.4
2017-03-01,East,Wind,TSO,34.0
2017-03-01,North,Wind,DSO,340.498
2017-03-01,North,Wind,TSO,356.9
2017-03-01,South,Wind,DSO,1093.551
2017-03-01,South,Wind,TSO,999.85
2017-03-01,South,Wind,TSO,28.8
2017-03-01,West,Wind,DSO,441.118
2017-03-01,West,Wind,TSO,720.0
2017-03-01,West,Wind,TSO,83.0
2017-03-01,East,Solar,DSO,106.609
2017-03-01,East,Solar,TSO,520.6
2017-03-01,South,Solar,DSO,22.97
2017-03-01,South,Solar,TSO,87.0
2017-03-01,West,Solar,DSO,9.2
2017-04-01,East,Wind,DSO,349.389
2017-04-01,East,Wind,TSO,491.4
2017-04-01,East,Wind,TSO,34.0
2017-04-01,North,Wind,DSO,340.498
2017-04-01,North,Wind,TSO,356.9
2017-04-01,South,Wind,DSO,1093.551
2017-04-01,South,Wind,TSO,999.85
2017-04-01,South,Wind,TSO,28.8
2017-04-01,West,Wind,DSO,441.118
2017-04-01,West,Wind,TSO,720.0
2017-04-01,West,Wind,TSO,83.0
2017-04-01,East,Solar,DSO,106.609
2017-04-01,East,Solar,TSO,520.6
2017-04-01,South,Solar,DSO,22.97
2017-04-01,South,Solar,TSO,87.0
2017-04-01,West,Solar,DSO,9.2
2017-05-01,East,Wind,DSO,349.389
2017-05-01,East,Wind,TSO,491.4
2017-05-01,East,Wind,TSO,34.0
2017-05-01,North,Wind,DSO,340.498
2017-05-01,North,Wind,TSO,356.9
2017-05-01,South,Wind,DSO,1093.551
2017-05-01,South,Wind,TSO,999.85
2017-05-01,South,Wind,TSO,28.8
2017-05-01,West,Wind,DSO,441.118
2017-05-01,West,Wind,TSO,720.0
2017-05-01,West,Wind,TSO,83.0
2017-05-01,East,Solar,DSO,106.609
2017-05-01,East,Solar,TSO,520.6
2017-05-01,South,Solar,DSO,22.97
2017-05-01,South,Solar,TSO,87.0
2017-05-01,West,Solar,DSO,9.2
2017-06-01,East,Wind,DSO,349.389
2017-06-01,East,Wind,TSO,491.4
2017-06-01,East,Wind,TSO,34.0
2017-06-01,North,Wind,DSO,340.498
2017-06-01,North,Wind,TSO,356.9
2017-06-01,South,Wind,DSO,1093.551
2017-06-01,South,Wind,TSO,999.85
2017-06-01,South,Wind,TSO,28.8
2017-06-01,West,Wind,DSO,441.118
2017-06-01,West,Wind,TSO,720.0
2017-06-01,West,Wind,TSO,83.0
2017-06-01,East,Solar,DSO,106.609
2017-06-01,East,Solar,TSO,520.6
2017-06-01,South,Solar,DSO,22.97
2017-06-01,South,Solar,TSO,87.0
2017-06-01,West,Solar,DSO,9.2
2017-07-01,East,Wind,DSO,349.389
2017-07-01,East,Wind,TSO,491.4
2017-07-01,East,Wind,TSO,34.0
2017-07-01,North,Wind,DSO,340.498
2017-07-01,North,Wind,TSO,356.9
2017-07-01,South,Wind,DSO,1093.551
2017-07-01,South,Wind,TSO,999.85
2017-07-01,South,Wind,TSO,28.8
2017-07-01,West,Wind,DSO,441.118
2017-07-01,West,Wind,TSO,720.0
2017-07-01,West,Wind,TSO,83.0
2017-07-01,East,Solar,DSO,106.609
2017-07-01,East,Solar,TSO,520.6
2017-07-01,South,Solar,DSO,22.97
2017-07-01,South,Solar,TSO,87.0
2017-07-01,West,Solar,DSO,9.2
2017-08-01,East,Wind,DSO,349.389
2017-08-01,East,Wind,TSO,491.4
2017-08-01,East,Wind,TSO,34.0
2017-08-01,North,Wind,DSO,340.498
2017-08-01,North,Wind,TSO,356.9
2017-08-01,South,Wind,DSO,1093.551
2017-08-01,South,Wind,TSO,999.85
2017-08-01,South,Wind,TSO,28.8
2017-08-01,West,Wind,DSO,441.118
2017-08-01,West,Wind,TSO,720.0
2017-08-01,West,Wind,TSO,83.0
2017-08-01,East,Solar,DSO,106.609
2017-08-01,East,Solar,TSO,520.6
2017-08-01,South,Solar,DSO,22.97
2017-08-01,South,Solar,TSO,87.0
2017-08-01,West,Solar,DSO,9.2
2017-09-01,East,Wind,DSO,349.389
2017-09-01,East,Wind,TSO,491.4
2017-09-01,East,Wind,TSO,34.0
2017-09-01,North,Wind,DSO,340.498
2017-09-01,North,Wind,TSO,356.9
2017-09-01,South,Wind,DSO,1093.551
2017-09-01,South,Wind,TSO,999.85
2017-09-01,South,Wind,TSO,28.8
2017-09-01,West,Wind,DSO,441.118
2017-09-01,West,Wind,TSO,720.0
2017-09-01,West,Wind,TSO,83.0
2017-09-01,East,Solar,DSO,106.609
2017-09-01,East,Solar,TSO,520.6
2017-09-01,South,Solar,DSO,22.97
2017-09-01,South,Solar,TSO,87.0
2017-09-01,West,Solar,DSO,9.2
2017-10-01,East,Wind,DSO,349.389
2017-10-01,East,Wind,TSO,491.4
2017-10-01,East,Wind,TSO,34.0
2017-10-01,North,Wind,DSO,340.498
2017-10-01,North,Wind,TSO,356.9
2017-10-01,South,Wind,DSO,1093.551
2017-10-01,South,Wind,TSO,999.85
2017-10-01,South,Wind,TSO,28.8
2017-10-01,West,Wind,DSO,441.118
2017-10-01,West,Wind,TSO,720.0
2017-10-01,West,Wind,TSO,83.0
2017-10-01,East,Solar,DSO,106.609
2017-10-01,East,Solar,TSO,520.6
2017-10-01,South,Solar,DSO,22.97
2017-10-01,South,Solar,TSO,87.0
2017-10-01,West,Solar,DSO,9.2
2017-11-01,East,Wind,DSO,349.389
2017-11-01,East,Wind,TSO,491.4
2017-11-01,East,Wind,TSO,34.0
2017-11-01,North,Wind,DSO,340.498
2017-11-01,North,Wind,TSO,356.9
2017-11-01,South,Wind,DSO,1093.551
2017-11-01,South,Wind,TSO,999.85
2017-11-01,South,Wind,TSO,28.8
2017-11-01,West,Wind,DSO,441.118
2017-11-01,West,Wind,TSO,720.0
2017-11-01,West,Wind,TSO,83.0
2017-11-01,East,Solar,DSO,106.609
2017-11-01,East,Solar,TSO,520.6
2017-11-01,South,Solar,DSO,22.97
2017-11-01,South,Solar,TSO,87.0
2017-11-01,West,Solar,DSO,9.2
2017-12-01,East,Wind,DSO,349.389
2017-12-01,East,Wind,TSO,491.4
2017-12-01,East,Wind,TSO,34.0
2017-12-01,North,Wind,DSO,340.498
2017-12-01,North,Wind,TSO,356.9
2017-12-01,South,Wind,DSO,1093.551
2017-12-01,South,Wind,TSO,999.85
2017-12-01,South,Wind,TSO,28.8
2017-12-01,West,Wind,DSO,441.118
2017-12-01,West,Wind,TSO,720.0
2017-12-01,West,Wind,TSO,83.0
2017-12-01,East,Solar,DSO,106.609
2017-12-01,East,Solar,TSO,520.6
2017-12-01,South,Solar,DSO,22.97
2017-12-01,South,Solar,TSO,87.0
2017-12-01,West,Solar,DSO,9.2
2018-01-01,East,Wind,DSO,349.389
2018-01-01,East,Wind,TSO,491.4
2018-01-01,East,Wind,TSO,34.0
2018-01-01,North,Wind,DSO,340.498
2018-01-01,North,Wind,TSO,356.9
2018-01-01,South,Wind,DSO,1093.551
2018-01-01,South,Wind,TSO,999.85
2018-01-01,South,Wind,TSO,28.8
2018-01-01,West,Wind,DSO,441.118
2018-01-01,West,Wind,TSO,720.0
2018-01-01,West,Wind,TSO,83.0
2018-01-01,East,Solar,DSO,106.609
2018-01-01,East,Solar,TSO,520.6
2018-01-01,South,Solar,DSO,22.97
2018-01-01,South,Solar,TSO,87.0
2018-01-01,West,Solar,DSO,9.2
2018-02-01,East,Wind,DSO,349.389
2018-02-01,East,Wind,TSO,491.4
2018-02-01,East,Wind,TSO,34.0
2018-02-01,North,Wind,DSO,340.498
2018-02-01,North,Wind,TSO,356.9
2018-02-01,South,Wind,DSO,1093.551
2018-02-01,South,Wind,TSO,999.85
2018-02-01,South,Wind,TSO,28.8
2018-02-01,West,Wind,DSO,441.118
2018-02-01,West,Wind,TSO,720.0
2018-02-01,West,Wind,TSO,83.0
2018-02-01,East,Solar,DSO,106.609
2018-02-01,East,Solar,TSO,520.6
2018-02-01,South,Solar,DSO,22.97
2018-02-01,South,Solar,TSO,87.0
2018-02-01,West,Solar,DSO,9.2
2018-03-01,East,Wind,DSO,349.389
2018-03-01,East,Wind,TSO,491.4
2018-03-01,East,Wind,TSO,34.0
2018-03-01,North,Wind,DSO,340.498
2018-03-01,North,Wind,TSO,356.9
2018-03-01,South,Wind,DSO,1093.551
2018-03-01,South,Wind,TSO,999.85
2018-03-01,South,Wind,TSO,28.8
2018-03-01,West,Wind,DSO,441.118
2018-03-01,West,Wind,TSO,720.0
2018-03-01,West,Wind,TSO,83.0
2018-03-01,East,Solar,DSO,106.609
2018-03-01,East,Solar,TSO,520.6
2018-03-01,South,Solar,DSO,22.97
2018-03-01,South,Solar,TSO,87.0
2018-03-01,West,Solar,DSO,9.2
2018-04-01,East,Wind,DSO,349.389
2018-04-01,East,Wind,TSO,491.4
2018-04-01,East,Wind,TSO,34.0
2018-04-01,North,Wind,DSO,340.498
2018-04-01,North,Wind,TSO,356.9
2018-04-01,South,Wind,DSO,1093.551
2018-04-01,South,Wind,TSO,999.85
2018-04-01,South,Wind,TSO,28.8
2018-04-01,West,Wind,DSO,441.118
2018-04-01,West,Wind,TSO,720.0
2018-04-01,West,Wind,TSO,83.0
2018-04-01,East,Solar,DSO,106.609
2018-04-01,East,Solar,TSO,520.6
2018-04-01,South,Solar,DSO,22.97
2018-04-01,South,Solar,TSO,87.0
2018-04-01,West,Solar,DSO,9.2
2018-05-01,East,Wind,DSO,349.389
2018-05-01,East,Wind,TSO,491.4
2018-05-01,East,Wind,TSO,34.0
2018-05-01,North,Wind,DSO,340.498
2018-05-01,North,Wind,TSO,356.9
2018-05-01,South,Wind,DSO,1093.551
2018-05-01,South,Wind,TSO,999.85
2018-05-01,South,Wind,TSO,28.8
2018-05-01,West,Wind,DSO,441.118
2018-05-01,West,Wind,TSO,720.0
2018-05-01,West,Wind,TSO,83.0
2018-05-01,East,Solar,DSO,106.609
2018-05-01,East,Solar,TSO,520.6
2018-05-01,South,Solar,DSO,22.97
2018-05-01,South,Solar,TSO,87.0
2018-05-01,West,Solar,DSO,9.2
2018-06-01,East,Wind,DSO,349.389
2018-06-01,East,Wind,TSO,491.4
2018-06-01,East,Wind,TSO,34.0
2018-06-01,North,Wind,DSO,340.498
2018-06-01,North,Wind,TSO,356.9
2018-06-01,South,Wind,DSO,1093.551
2018-06-01,South,Wind,TSO,999.85
2018-06-01,South,Wind,TSO,28.8
2018-06-01,West,Wind,DSO,441.118
2018-06-01,West,Wind,TSO,720.0
2018-06-01,West,Wind,TSO,83.0
2018-06-01,East,Solar,DSO,106.609
2018-06-01,East,Solar,TSO,520.6
2018-06-01,South,Solar,DSO,22.97
2018-06-01,South,Solar,TSO,87.0
2018-06-01,West,Solar,DSO,9.2
2018-07-01,East,Wind,DSO,349.389
2018-07-01,East,Wind,TSO,491.4
2018-07-01,East,Wind,TSO,34.0
2018-07-01,North,Wind,DSO,340.498
2018-07-01,North,Wind,TSO,356.9
2018-07-01,South,Wind,DSO,1093.551
2018-07-01,South,Wind,TSO,999.85
2018-07-01,South,Wind,TSO,28.8
2018-07-01,West,Wind,DSO,441.118
2018-07-01,West,Wind,TSO,720.0
2018-07-01,West,Wind,TSO,83.0
2018-07-01,East,Solar,DSO,106.609
2018-07-01,East,Solar,TSO,520.6
2018-07-01,South,Solar,DSO,22.97
2018-07-01,South,Solar,TSO,87.0
2018-07-01,West,Solar,DSO,9.2
2018-08-01,East,Wind,DSO,349.389
2018-08-01,East,Wind,TSO,491.4
2018-08-01,East,Wind,TSO,34.0
2018-08-01,North,Wind,DSO,340.498
2018-08-01,North,Wind,TSO,356.9
2018-08-01,South,Wind,DSO,1093.551
2018-08-01,South,Wind,TSO,999.85
2018-08-01,South,Wind,TSO,28.8
2018-08-01,West,Wind,DSO,441.118
2018-08-01,West,Wind,TSO,720.0
2018-08-01,West,Wind,TSO,83.0
2018-08-01,East,Solar,DSO,106.609
2018-08-01,East,Solar,TSO,520.6
2018-08-01,South,Solar,DSO,22.97
2018-08-01,South,Solar,TSO,87.0
2018-08-01,West,Solar,DSO,9.2
2018-09-01,East,Wind,DSO,349.389
2018-09-01,East,Wind,TSO,491.4
2018-09-01,East,Wind,TSO,34.0
2018-09-01,North,Wind,DSO,340.498
2018-09-01,North,Wind,TSO,356.9
2018-09-01,South,Wind,DSO,1093.551
2018-09-01,South,Wind,TSO,999.85
2018-09-01,South,Wind,TSO,28.8
2018-09-01,West,Wind,DSO,441.118
2018-09-01,West,Wind,TSO,720.0
2018-09-01,West,Wind,TSO,83.0
2018-09-01,East,Solar,DSO,106.609
2018-09-01,East,Solar,TSO,520.6
2018-09-01,South,Solar,DSO,22.97
2018-09-01,South,Solar,TSO,87.0
2018-09-01,West,Solar,DSO,9.2
2018-10-01,East,Wind,DSO,349.389
2018-10-01,East,Wind,TSO,491.4
2018-10-01,East,Wind,TSO,34.0
2018-10-01,North,Wind,DSO,340.498
2018-10-01,North,Wind,TSO,356.9
2018-10-01,South,Wind,DSO,1093.551
2018-10-01,South,Wind,TSO,999.85
2018-10-01,South,Wind,TSO,28.8
2018-10-01,West,Wind,DSO,441.118
2018-10-01,West,Wind,TSO,720.0
2018-10-01,West,Wind,TSO,83.0
2018-10-01,East,Solar,DSO,106.609
2018-10-01,East,Solar,TSO,520.6
2018-10-01,South,Solar,DSO,22.97
2018-10-01,South,Solar,TSO,87.0
2018-10-01,West,Solar,DSO,9.2
2018-11-01,East,Wind,DSO,349.389
2018-11-01,East,Wind,TSO,491.4
2018-11-01,East,Wind,TSO,34.0
2018-11-01,North,Wind,DSO,340.498
2018-11-01,North,Wind,TSO,356.9
2018-11-01,South,Wind,DSO,1093.551
2018-11-01,South,Wind,TSO,999.85
2018-11-01,South,Wind,TSO,28.8
2018-11-01,West,Wind,DSO,441.118
2018-11-01,West,Wind,TSO,720.0
2018-11-01,West,Wind,TSO,83.0
2018-11-01,East,Solar,DSO,106.609
2018-11-01,East,Solar,TSO,520.6
2018-11-01,South,Solar,DSO,22.97
2018-11-01,South,Solar,TSO,87.0
2018-11-01,West,Solar,DSO,9.2
2018-12-01,East,Wind,DSO,349.389
2018-12-01,East,Wind,TSO,491.4
2018-12-01,East,Wind,TSO,34.0
2018-12-01,North,Wind,DSO,340.498
2018-12-01,North,Wind,TSO,356.9
2018-12-01,South,Wind,DSO,1093.551
2018-12-01,South,Wind,TSO,999.85
2018-12-01,South,Wind,TSO,28.8
2018-12-01,West,Wind,DSO,441.118
2018-12-01,West,Wind,TSO,720.0
2018-12-01,West,Wind,TSO,83.0
2018-12-01,East,Solar,DSO,106.609
2018-12-01,East,Solar,TSO,520.6
2018-12-01,South,Solar,DSO,22.97
2018-12-01,South,Solar,TSO,87.0
2018-12-01,West,Solar,DSO,9.2
2019-01-01,East,Wind,DSO,349.389
2019-01-01,East,Wind,TSO,491.4
2019-01-01,East,Wind,TSO,34.0
2019-01-01,North,Wind,DSO,340.498
2019-01-01,North,Wind,TSO,356.9
2019-01-01,South,Wind,DSO,1093.551
2019-01-01,South,Wind,TSO,999.85
2019-01-01,South,Wind,TSO,28.8
2019-01-01,West,Wind,DSO,441.118
2019-01-01,West,Wind,TSO,720.0
2019-01-01,West,Wind,TSO,83.0
2019-01-01,East,Solar,DSO,106.609
2019-01-01,East,Solar,TSO,520.6
2019-01-01,South,Solar,DSO,22.97
2019-01-01,South,Solar,TSO,87.0
2019-01-01,West,Solar,DSO,9.2
2019-02-01,East,Wind,DSO,349.389
2019-02-01,East,Wind,TSO,491.4
2019-02-01,East,Wind,TSO,34.0
2019-02-01,North,Wind,DSO,340.498
2019-02-01,North,Wind,TSO,356.9
2019-02-01,South,Wind,DSO,1093.551
2019-02-01,South,Wind,TSO,999.85
2019-02-01,South,Wind,TSO,28.8
2019-02-01,West,Wind,DSO,441.118
2019-02-01,West,Wind,TSO,720.0
2019-02-01,West,Wind,TSO,83.0
2019-02-01,East,Solar,DSO,106.609
2019-02-01,East,Solar,TSO,520.6
2019-02-01,South,Solar,DSO,22.97
2019-02-01,South,Solar,TSO,87.0
2019-02-01,West,Solar,DSO,9.2
2019-03-01,East,Wind,DSO,349.389
2019-03-01,East,Wind,TSO,491.4
2019-03-01,East,Wind,TSO,34.0
2019-03-01,North,Wind,DSO,340.498
2019-03-01,North,Wind,TSO,356.9
2019-03-01,South,Wind,DSO,1093.551
2019-03-01,South,Wind,TSO,999.85
2019-03-01,South,Wind,TSO,28.8
2019-03-01,West,Wind,DSO,441.118
2019-03-01,West,Wind,TSO,720.0
2019-03-01,West,Wind,TSO,83.0
2019-03-01,East,Solar,DSO,106.609
2019-03-01,East,Solar,TSO,520.6
2019-03-01,South,Solar,DSO,22.97
2019-03-01,South,Solar,TSO,87.0
2019-03-01,West,Solar,DSO,9.2
2019-04-01,East,Wind,DSO,349.389
2019-04-01,East,Wind,TSO,491.4
2019-04-01,East,Wind,TSO,34.0
2019-04-01,North,Wind,DSO,340.498
2019-04-01,North,Wind,TSO,356.9
2019-04-01,South,Wind,DSO,1093.551
2019-04-01,South,Wind,TSO,999.85
2019-04-01,South,Wind,TSO,28.8
2019-04-01,West,Wind,DSO,441.118
2019-04-01,West,Wind,TSO,720.0
2019-04-01,West,Wind,TSO,83.0
2019-04-01,East,Solar,DSO,106.609
2019-04-01,East,Solar,TSO,520.6
2019-04-01,South,Solar,DSO,22.97
2019-04-01,South,Solar,TSO,87.0
2019-04-01,West,Solar,DSO,9.2
2019-05-01,East,Wind,DSO,349.389
2019-05-01,East,Wind,TSO,491.4
2019-05-01,East,Wind,TSO,34.0
2019-05-01,North,Wind,DSO,340.498
2019-05-01,North,Wind,TSO,356.9
2019-05-01,South,Wind,DSO,1093.551
2019-05-01,South,Wind,TSO,999.85
2019-05-01,South,Wind,TSO,28.8
2019-05-01,West,Wind,DSO,441.118
2019-05-01,West,Wind,TSO,720.0
2019-05-01,West,Wind,TSO,83.0
2019-05-01,East,Solar,DSO,106.609
2019-05-01,East,Solar,TSO,520.6
2019-05-01,South,Solar,DSO,22.97
2019-05-01,South,Solar,TSO,87.0
2019-05-01,West,Solar,DSO,9.2
2019-06-01,East,Wind,DSO,349.389
2019-06-01,East,Wind,TSO,491.4
2019-06-01,East,Wind,TSO,34.0
2019-06-01,North,Wind,DSO,340.498
2019-06-01,North,Wind,TSO,356.9
2019-06-01,South,Wind,DSO,1093.551
2019-06-01,South,Wind,TSO,999.85
2019-06-01,South,Wind,TSO,28.8
2019-06-01,West,Wind,DSO,441.118
2019-06-01,West,Wind,TSO,720.0
2019-06-01,West,Wind,TSO,83.0
2019-06-01,East,Solar,DSO,106.609
2019-06-01,East,Solar,TSO,520.6
2019-06-01,South,Solar,DSO,22.97
2019-06-01,South,Solar,TSO,87.0
2019-06-01,West,Solar,DSO,9.2
2019-07-01,East,Wind,DSO,349.389
2019-07-01,East,Wind,TSO,491.4
2019-07-01,East,Wind,TSO,34.0
2019-07-01,North,Wind,DSO,340.498
2019-07-01,North,Wind,TSO,356.9
2019-07-01,South,Wind,DSO,1093.551
2019-07-01,South,Wind,TSO,999.85
2019-07-01,South,Wind,TSO,28.8
2019-07-01,West,Wind,DSO,441.118
2019-07-01,West,Wind,TSO,720.0
2019-07-01,West,Wind,TSO,83.0
2019-07-01,East,Solar,DSO,106.609
2019-07-01,East,Solar,TSO,520.6
2019-07-01,South,Solar,DSO,22.97
2019-07-01,South,Solar,TSO,87.0
2019-07-01,West,Solar,DSO,9.2
2019-08-01,East,Wind,DSO,349.389
2019-08-01,East,Wind,TSO,491.4
2019-08-01,East,Wind,TSO,34.0
2019-08-01,North,Wind,DSO,340.498
2019-08-01,North,Wind,TSO,356.9
2019-08-01,South,Wind,DSO,1093.551
2019-08-01,South,Wind,TSO,999.85
2019-08-01,South,Wind,TSO,28.8
2019-08-01,West,Wind,DSO,441.118
2019-08-01,West,Wind,TSO,720.0
2019-08-01,West,Wind,TSO,83.0
2019-08-01,East,Solar,DSO,106.609
2019-08-01,East,Solar,TSO,520.6
2019-08-01,South,Solar,DSO,22.97
2019-08-01,South,Solar,TSO,87.0
2019-08-01,West,Solar,DSO,9.2
2019-09-01,East,Wind,DSO,349.389
2019-09-01,East,Wind,TSO,491.4
2019-09-01,East,Wind,TSO,34.0
2019-09-01,North,Wind,DSO,340.498
2019-09-01,North,Wind,TSO,356.9
2019-09-01,South,Wind,DSO,1093.551
2019-09-01,South,Wind,TSO,999.85
2019-09-01,South,Wind,TSO,28.8
2019-09-01,West,Wind,DSO,441.118
2019-09-01,West,Wind,TSO,720.0
2019-09-01,West,Wind,TSO,83.0
2019-09-01,East,Solar,DSO,106.609
2019-09-01,East,Solar,TSO,520.6
2019-09-01,South,Solar,DSO,22.97
2019-09-01,South,Solar,TSO,87.0
2019-09-01,West,Solar,DSO,9.2
2019-10-01,East,Wind,DSO,349.389
2019-10-01,East,Wind,TSO,491.4
2019-10-01,East,Wind,TSO,34.0
2019-10-01,North,Wind,DSO,340.498
2019-10-01,North,Wind,TSO,356.9
2019-10-01,South,Wind,DSO,1093.551
2019-10-01,South,Wind,TSO,999.85
2019-10-01,South,Wind,TSO,28.8
2019-10-01,West,Wind,DSO,441.118
2019-10-01,West,Wind,TSO,720.0
2019-10-01,West,Wind,TSO,83.0
2019-10-01,East,Solar,DSO,106.609
2019-10-01,East,Solar,TSO,520.6
2019-10-01,South,Solar,DSO,22.97
2019-10-01,South,Solar,TSO,87.0
2019-10-01,West,Solar,DSO,9.2
2019-11-01,East,Wind,DSO,349.389
2019-11-01,East,Wind,TSO,491.4
2019-11-01,East,Wind,TSO,34.0
2019-11-01,North,Wind,DSO,340.498
2019-11-01,North,Wind,TSO,356.9
2019-11-01,South,Wind,DSO,1093.551
2019-11-01,South,Wind,TSO,999.85
2019-11-01,South,Wind,TSO,28.8
2019-11-01,West,Wind,DSO,441.118
2019-11-01,West,Wind,TSO,720.0
2019-11-01,West,Wind,TSO,83.0
2019-11-01,East,Solar,DSO,106.609
2019-11-01,East,Solar,TSO,520.6
2019-11-01,South,Solar,DSO,22.97
2019-11-01,South,Solar,TSO,87.0
2019-11-01,West,Solar,DSO,9.2
2019-12-01,East,Wind,DSO,349.389
2019-12-01,East,Wind,TSO,491.4
2019-12-01,East,Wind,TSO,34.0
2019-12-01,North,Wind,DSO,340.498
2019-12-01,North,Wind,TSO,356.9
2019-12-01,South,Wind,DSO,1093.551
2019-12-01,South,Wind,TSO,999.85
2019-12-01,South,Wind,TSO,28.8
2019-12-01,West,Wind,DSO,441.118
2019-12-01,West,Wind,TSO,720.0
2019-12-01,West,Wind,TSO,83.0
2019-12-01,East,Solar,DSO,106.609
2019-12-01,East,Solar,TSO,520.6
2019-12-01,South,Solar,DSO,22.97
2019-12-01,South,Solar,TSO,87.0
2019-12-01,West,Solar,DSO,9.2
2020-01-01,East,Wind,DSO,349.389
2020-01-01,East,Wind,TSO,491.4
2020-01-01,East,Wind,TSO,34.0
2020-01-01,North,Wind,DSO,340.498
2020-01-01,North,Wind,TSO,356.9
2020-01-01,South,Wind,DSO,1093.551
2020-01-01,South,Wind,TSO,999.85
2020-01-01,South,Wind,TSO,28.8
2020-01-01,West,Wind,DSO,441.118
2020-01-01,West,Wind,TSO,720.0
2020-01-01,West,Wind,TSO,83.0
2020-01-01,East,Solar,DSO,106.609
2020-01-01,East,Solar,TSO,520.6
2020-01-01,South,Solar,DSO,22.97
2020-01-01,South,Solar,TSO,87.0
2020-01-01,West,Solar,DSO,9.2
2020-02-01,East,Wind,DSO,349.389
2020-02-01,East,Wind,TSO,491.4
2020-02-01,East,Wind,TSO,34.0
2020-02-01,North,Wind,DSO,340.498
2020-02-01,North,Wind,TSO,356.9
2020-02-01,South,Wind,DSO,1093.551
2020-02-01,South,Wind,TSO,999.85
2020-02-01,South,Wind,TSO,28.8
2020-02-01,West,Wind,DSO,441.118
2020-02-01,West,Wind,TSO,720.0
2020-02-01,West,Wind,TSO,83.0
2020-02-01,East,Solar,DSO,106.609
2020-02-01,East,Solar,TSO,520.6
2020-02-01,South,Solar,DSO,22.97
2020-02-01,South,Solar,TSO,87.0
2020-02-01,West,Solar,DSO,9.2
2020-03-01,East,Wind,DSO,349.389
2020-03-01,East,Wind,TSO,491.4
2020-03-01,East,Wind,TSO,34.0
2020-03-01,North,Wind,DSO,340.498
2020-03-01,North,Wind,TSO,356.9
2020-03-01,South,Wind,DSO,1093.551
2020-03-01,South,Wind,TSO,999.85
2020-03-01,South,Wind,TSO,28.8
2020-03-01,West,Wind,DSO,441.118
2020-03-01,West,Wind,TSO,720.0
2020-03-01,West,Wind,TSO,83.0
2020-03-01,East,Solar,DSO,106.609
2020-03-01,East,Solar,TSO,520.6
2020-03-01,South,Solar,DSO,22.97
2020-03-01,South,Solar,TSO,87.0
2020-03-01,West,Solar,DSO,9.2
2020-04-01,East,Wind,DSO,349.389
2020-04-01,East,Wind,TSO,491.4
2020-04-01,East,Wind,TSO,34.0
2020-04-01,North,Wind,DSO,340.498
2020-04-01,North,Wind,TSO,356.9
2020-04-01,South,Wind,DSO,1093.551
2020-04-01,South,Wind,TSO,999.85
2020-04-01,South,Wind,TSO,28.8
2020-04-01,West,Wind,DSO,441.118
2020-04-01,West,Wind,TSO,720.0
2020-04-01,West,Wind,TSO,83.0
2020-04-01,East,Solar,DSO,106.609
2020-04-01,East,Solar,TSO,520.6
2020-04-01,South,Solar,DSO,22.97
2020-04-01,South,Solar,TSO,87.0
2020-04-01,West,Solar,DSO,9.2
2020-05-01,East,Wind,DSO,349.389
2020-05-01,East,Wind,TSO,491.4
2020-05-01,East,Wind,TSO,34.0
2020-05-01,North,Wind,DSO,340.498
2020-05-01,North,Wind,TSO,356.9
2020-05-01,South,Wind,DSO,1093.551
2020-05-01,South,Wind,TSO,999.85
2020-05-01,South,Wind,TSO,28.8
2020-05-01,West,Wind,DSO,441.118
2020-05-01,West,Wind,TSO,720.0
2020-05-01,West,Wind,TSO,83.0
2020-05-01,East,Solar,DSO,106.609
2020-05-01,East,Solar,TSO,520.6
2020-05-01,South,Solar,DSO,22.97
2020-05-01,South,Solar,TSO,87.0
2020-05-01,West,Solar,DSO,9.2
2020-06-01,East,Wind,DSO,349.389
2020-06-01,East,Wind,TSO,491.4
2020-06-01,East,Wind,TSO,34.0
2020-06-01,North,Wind,DSO,340.498
2020-06-01,North,Wind,TSO,356.9
2020-06-01,South,Wind,DSO,1093.551
2020-06-01,South,Wind,TSO,999.85
2020-06-01,South,Wind,TSO,28.8
2020-06-01,West,Wind,DSO,441.118
2020-06-01,West,Wind,TSO,720.0
2020-06-01,West,Wind,TSO,83.0
2020-06-01,East,Solar,DSO,106.609
2020-06-01,East,Solar,TSO,520.6
2020-06-01,South,Solar,DSO,22.97
2020-06-01,South,Solar,TSO,87.0
2020-06-01,West,Solar,DSO,9.2
2020-07-01,East,Wind,DSO,349.389
2020-07-01,East,Wind,TSO,491.4
2020-07-01,East,Wind,TSO,34.0
2020-07-01,North,Wind,DSO,340.498
2020-07-01,North,Wind,TSO,356.9
2020-07-01,South,Wind,DSO,1093.551
2020-07-01,South,Wind,TSO,999.85
2020-07-01,South,Wind,TSO,28.8
2020-07-01,West,Wind,DSO,441.118
2020-07-01,West,Wind,TSO,720.0
2020-07-01,West,Wind,TSO,83.0
2020-07-01,East,Solar,DSO,106.609
2020-07-01,East,Solar,TSO,520.6
2020-07-01,South,Solar,DSO,22.97
2020-07-01,South,Solar,TSO,87.0
2020-07-01,West,Solar,DSO,9.2
2020-08-01,East,Wind,DSO,349.389
2020-08-01,East,Wind,TSO,491.4
2020-08-01,East,Wind,TSO,34.0
2020-08-01,North,Wind,DSO,340.498
2020-08-01,North,Wind,TSO,356.9
2020-08-01,South,Wind,DSO,1093.551
2020-08-01,South,Wind,TSO,999.85
2020-08-01,South,Wind,TSO,28.8
2020-08-01,West,Wind,DSO,441.118
2020-08-01,West,Wind,TSO,720.0
2020-08-01,West,Wind,TSO,83.0
2020-08-01,East,Solar,DSO,106.609
2020-08-01,East,Solar,TSO,520.6
2020-08-01,South,Solar,DSO,22.97
2020-08-01,South,Solar,TSO,87.0
2020-08-01,West,Solar,DSO,9.2
2020-09-01,East,Wind,DSO,349.389
2020-09-01,East,Wind,TSO,491.4
2020-09-01,East,Wind,TSO,34.0
2020-09-01,North,Wind,DSO,340.498
2020-09-01,North,Wind,TSO,356.9
2020-09-01,South,Wind,DSO,1093.551
2020-09-01,South,Wind,TSO,999.85
2020-09-01,South,Wind,TSO,28.8
2020-09-01,West,Wind,DSO,441.118
2020-09-01,West,Wind,TSO,720.0
2020-09-01,West,Wind,TSO,83.0
2020-09-01,East,Solar,DSO,106.609
2020-09-01,East,Solar,TSO,520.6
2020-09-01,South,Solar,DSO,22.97
2020-09-01,South,Solar,TSO,87.0
2020-09-01,West,Solar,DSO,9.2
2020-10-01,East,Wind,DSO,349.389
2020-10-01,East,Wind,TSO,491.4
2020-10-01,East,Wind,TSO,34.0
2020-10-01,North,Wind,DSO,340.498
2020-10-01,North,Wind,TSO,356.9
2020-10-01,South,Wind,DSO,1093.551
2020-10-01,South,Wind,TSO,999.85
2020-10-01,South,Wind,TSO,28.8
2020-10-01,West,Wind,DSO,441.118
2020-10-01,West,Wind,TSO,720.0
2020-10-01,West,Wind,TSO,83.0
2020-10-01,East,Solar,DSO,106.609
2020-10-01,East,Solar,TSO,520.6
2020-10-01,South,Solar,DSO,22.97
2020-10-01,South,Solar,TSO,87.0
2020-10-01,West,Solar,DSO,9.2
2020-11-01,East,Wind,DSO,349.389
2020-11-01,East,Wind,TSO,491.4
2020-11-01,East,Wind,TSO,34.0
2020-11-01,North,Wind,DSO,340.498
2020-11-01,North,Wind,TSO,356.9
2020-11-01,South,Wind,DSO,1093.551
2020-11-01,South,Wind,TSO,999.85
2020-11-01,South,Wind,TSO,28.8
2020-11-01,West,Wind,DSO,441.118
2020-11-01,West,Wind,TSO,720.0
2020-11-01,West,Wind,TSO,83.0
2020-11-01,East,Solar,DSO,106.609
2020-11-01,East,Solar,TSO,520.6
2020-11-01,South,Solar,DSO,22.97
2020-11-01,South,Solar,TSO,87.0
2020-11-01,West,Solar,DSO,9.2
2020-12-01,East,Wind,DSO,349.389
2020-12-01,East,Wind,TSO,491.4
2020-12-01,East,Wind,TSO,34.0
2020-12-01,North,Wind,DSO,340.498
2020-12-01,North,Wind,TSO,356.9
2020-12-01,South,Wind,DSO,1093.551
2020-12-01,South,Wind,TSO,999.85
2020-12-01,South,Wind,TSO,28.8
2020-12-01,West,Wind,DSO,441.118
2020-12-01,West,Wind,TSO,720.0
2020-12-01,West,Wind,TSO,83.0
2020-12-01,East,Solar,DSO,106.609
2020-12-01,East,Solar,TSO,520.6
2020-12-01,South,Solar,DSO,22.97
2020-12-01,South,Solar,TSO,87.0
2020-12-01,West,Solar,DSO,9.2
2021-01-01,East,Wind,DSO,349.389
2021-01-01,East,Wind,TSO,491.4
2021-01-01,East,Wind,TSO,34.0
2021-01-01,North,Wind,DSO,340.498
2021-01-01,North,Wind,TSO,356.9
2021-01-01,South,Wind,DSO,1093.551
2021-01-01,South,Wind,TSO,999.85
2021-01-01,South,Wind,TSO,28.8
2021-01-01,West,Wind,DSO,441.118
2021-01-01,West,Wind,TSO,720.0
2021-01-01,West,Wind,TSO,83.0
2021-01-01,East,Solar,DSO,106.609
2021-01-01,East,Solar,TSO,520.6
2021-01-01,South,Solar,DSO,22.97
2021-01-01,South,Solar,TSO,87.0
2021-01-01,West,Solar,DSO,9.2
2021-02-01,East,Wind,DSO,349.389
2021-02-01,East,Wind,TSO,491.4
2021-02-01,East,Wind,TSO,34.0
2021-02-01,North,Wind,DSO,340.498
2021-02-01,North,Wind,TSO,356.9
2021-02-01,South,Wind,DSO,1093.551
2021-02-01,South,Wind,TSO,999.85
2021-02-01,South,Wind,TSO,28.8
2021-02-01,West,Wind,DSO,441.118
2021-02-01,West,Wind,TSO,720.0
2021-02-01,West,Wind,TSO,83.0
2021-02-01,East,Solar,DSO,106.609
2021-02-01,East,Solar,TSO,520.6
2021-02-01,South,Solar,DSO,22.97
2021-02-01,South,Solar,TSO,87.0
2021-02-01,West,Solar,DSO,9.2
2021-03-01,East,Wind,DSO,349.389
2021-03-01,East,Wind,TSO,491.4
2021-03-01,East,Wind,TSO,34.0
2021-03-01,North,Wind,DSO,340.498
2021-03-01,North,Wind,TSO,356.9
2021-03-01,South,Wind,DSO,1093.551
2021-03-01,South,Wind,TSO,999.85
2021-03-01,South,Wind,TSO,28.8
2021-03-01,West,Wind,DSO,441.118
2021-03-01,West,Wind,TSO,720.0
2021-03-01,West,Wind,TSO,83.0
2021-03-01,East,Solar,DSO,106.609
2021-03-01,East,Solar,TSO,520.6
2021-03-01,South,Solar,DSO,22.97
2021-03-01,South,Solar,TSO,87.0
2021-03-01,West,Solar,DSO,9.2
2021-04-01,East,Wind,DSO,349.389
2021-04-01,East,Wind,TSO,491.4
2021-04-01,East,Wind,TSO,34.0
2021-04-01,North,Wind,DSO,340.498
2021-04-01,North,Wind,TSO,356.9
2021-04-01,South,Wind,DSO,1093.551
2021-04-01,South,Wind,TSO,999.85
2021-04-01,South,Wind,TSO,28.8
2021-04-01,West,Wind,DSO,441.118
2021-04-01,West,Wind,TSO,720.0
2021-04-01,West,Wind,TSO,83.0
2021-04-01,East,Solar,DSO,106.609
2021-04-01,East,Solar,TSO,520.6
2021-04-01,South,Solar,DSO,22.97
2021-04-01,South,Solar,TSO,87.0
2021-04-01,West,Solar,DSO,9.2
2021-05-01,East,Wind,DSO,349.389
2021-05-01,East,Wind,TSO,491.4
2021-05-01,East,Wind,TSO,34.0
2021-05-01,North,Wind,DSO,340.498
2021-05-01,North,Wind,TSO,356.9
2021-05-01,South,Wind,DSO,1093.551
2021-05-01,South,Wind,TSO,999.85
2021-05-01,South,Wind,TSO,28.8
2021-05-01,West,Wind,DSO,441.118
2021-05-01,West,Wind,TSO,720.0
2021-05-01,West,Wind,TSO,83.0
2021-05-01,East,Solar,DSO,106.609
2021-05-01,East,Solar,TSO,520.6
2021-05-01,South,Solar,DSO,22.97
2021-05-01,South,Solar,TSO,87.0
2021-05-01,West,Solar,DSO,9.2
2021-06-01,East,Wind,DSO,349.389
2021-06-01,East,Wind,TSO,491.4
2021-06-01,East,Wind,TSO,34.0
2021-06-01,North,Wind,DSO,340.498
2021-06-01,North,Wind,TSO,356.9
2021-06-01,South,Wind,DSO,1093.551
2021-06-01,South,Wind,TSO,999.85
2021-06-01,South,Wind,TSO,28.8
2021-06-01,West,Wind,DSO,441.118
2021-06-01,West,Wind,TSO,720.0
2021-06-01,West,Wind,TSO,83.0
2021-06-01,East,Solar,DSO,106.609
2021-06-01,East,Solar,TSO,520.6
2021-06-01,South,Solar,DSO,22.97
2021-06-01,South,Solar,TSO,87.0
2021-06-01,West,Solar,DSO,9.2
2021-07-01,East,Wind,DSO,349.389
2021-07-01,East,Wind,TSO,491.4
2021-07-01,East,Wind,TSO,34.0
2021-07-01,North,Wind,DSO,340.498
2021-07-01,North,Wind,TSO,356.9
2021-07-01,South,Wind,DSO,1093.551
2021-07-01,South,Wind,TSO,999.85
2021-07-01,South,Wind,TSO,28.8
2021-07-01,West,Wind,DSO,441.118
2021-07-01,West,Wind,TSO,720.0
2021-07-01,West,Wind,TSO,83.0
2021-07-01,East,Solar,DSO,106.609
2021-07-01,East,Solar,TSO,520.6
2021-07-01,South,Solar,DSO,22.97
2021-07-01,South,Solar,TSO,87.0
2021-07-01,West,Solar,DSO,9.2
2021-08-01,East,Wind,DSO,349.389
2021-08-01,East,Wind,TSO,491.4
2021-08-01,East,Wind,TSO,34.0
2021-08-01,North,Wind,DSO,340.498
2021-08-01,North,Wind,TSO,356.9
2021-08-01,South,Wind,DSO,1093.551
2021-08-01,South,Wind,TSO,999.85
2021-08-01,South,Wind,TSO,28.8
2021-08-01,West,Wind,DSO,441.118
2021-08-01,West,Wind,TSO,720.0
2021-08-01,West,Wind,TSO,83.0
2021-08-01,East,Solar,DSO,106.609
2021-08-01,East,Solar,TSO,520.6
2021-08-01,South,Solar,DSO,22.97
2021-08-01,South,Solar,TSO,87.0
2021-08-01,West,Solar,DSO,9.2
2021-09-01,East,Wind,DSO,349.389
2021-09-01,East,Wind,TSO,491.4
2021-09-01,East,Wind,TSO,34.0
2021-09-01,North,Wind,DSO,340.498
2021-09-01,North,Wind,TSO,356.9
2021-09-01,South,Wind,DSO,1093.551
2021-09-01,South,Wind,TSO,999.85
2021-09-01,South,Wind,TSO,28.8
2021-09-01,West,Wind,DSO,441.118
2021-09-01,West,Wind,TSO,720.0
2021-09-01,West,Wind,TSO,83.0
2021-09-01,East,Solar,DSO,106.609
2021-09-01,East,Solar,TSO,520.6
2021-09-01,South,Solar,DSO,22.97
2021-09-01,South,Solar,TSO,87.0
2021-09-01,West,Solar,DSO,9.2
2021-10-01,East,Wind,DSO,349.389
2021-10-01,East,Wind,TSO,491.4
2021-10-01,East,Wind,TSO,34.0
2021-10-01,North,Wind,DSO,340.498
2021-10-01,North,Wind,TSO,356.9
2021-10-01,South,Wind,DSO,1093.551
2021-10-01,South,Wind,TSO,999.85
2021-10-01,South,Wind,TSO,28.8
2021-10-01,West,Wind,DSO,441.118
2021-10-01,West,Wind,TSO,720.0
2021-10-01,West,Wind,TSO,83.0
2021-10-01,East,Solar,DSO,106.609
2021-10-01,East,Solar,TSO,520.6
2021-10-01,South,Solar,DSO,22.97
2021-10-01,South,Solar,TSO,87.0
2021-10-01,West,Solar,DSO,9.2
2021-11-01,East,Wind,DSO,349.389
2021-11-01,East,Wind,TSO,491.4
2021-11-01,East,Wind,TSO,34.0
2021-11-01,North,Wind,DSO,340.498
2021-11-01,North,Wind,TSO,356.9
2021-11-01,South,Wind,DSO,1093.551
2021-11-01,South,Wind,TSO,999.85
2021-11-01,South,Wind,TSO,28.8
2021-11-01,West,Wind,DSO,441.118
2021-11-01,West,Wind,TSO,720.0
2021-11-01,West,Wind,TSO,83.0
2021-11-01,East,Solar,DSO,106.609
2021-11-01,East,Solar,TSO,520.6
2021-11-01,South,Solar,DSO,22.97
2021-11-01,South,Solar,TSO,87.0
2021-11-01,West,Solar,DSO,9.2
2021-12-01,East,Wind,DSO,349.389
2021-12-01,East,Wind,TSO,491.4
2021-12-01,East,Wind,TSO,34.0
2021-12-01,North,Wind,DSO,340.498
2021-12-01,North,Wind,TSO,356.9
2021-12-01,South,Wind,DSO,1093.551
2021-12-01,South,Wind,TSO,999.85
2021-12-01,South,Wind,TSO,28.8
2021-12-01,West,Wind,DSO,441.118
2021-12-01,West,Wind,TSO,720.0
2021-12-01,West,Wind,TSO,83.0
2021-12-01,East,Solar,DSO,106.609
2021-12-01,East,Solar,TSO,520.6
2021-12-01,South,Solar,DSO,22.97
2021-12-01,South,Solar,TSO,87.0
2021-12-01,West,Solar,DSO,9.2
2022-01-01,East,Wind,DSO,349.389
2022-01-01,East,Wind,TSO,491.4
2022-01-01,East,Wind,TSO,34.0
2022-01-01,North,Wind,DSO,340.498
2022-01-01,North,Wind,TSO,356.9
2022-01-01,South,Wind,DSO,1093.551
2022-01-01,South,Wind,TSO,999.85
2022-01-01,South,Wind,TSO,28.8
2022-01-01,West,Wind,DSO,441.118
2022-01-01,West,Wind,TSO,720.0
2022-01-01,West,Wind,TSO,83.0
2022-01-01,East,Solar,DSO,106.609
2022-01-01,East,Solar,TSO,520.6
2022-01-01,South,Solar,DSO,22.97
2022-01-01,South,Solar,TSO,87.0
2022-01-01,West,Solar,DSO,9.2
2022-02-01,East,Wind,DSO,349.389
2022-02-01,East,Wind,TSO,491.4
2022-02-01,East,Wind,TSO,34.0
2022-02-01,North,Wind,DSO,340.498
2022-02-01,North,Wind,TSO,356.9
2022-02-01,South,Wind,DSO,1093.551
2022-02-01,South,Wind,TSO,999.85
2022-02-01,South,Wind,TSO,28.8
2022-02-01,West,Wind,DSO,441.118
2022-02-01,West,Wind,TSO,720.0
2022-02-01,West,Wind,TSO,83.0
2022-02-01,East,Solar,DSO,106.609
2022-02-01,East,Solar,TSO,520.6
2022-02-01,South,Solar,DSO,22.97
2022-02-01,South,Solar,TSO,87.0
2022-02-01,West,Solar,DSO,9.2
2022-03-01,East,Wind,DSO,349.389
2022-03-01,East,Wind,TSO,491.4
2022-03-01,East,Wind,TSO,34.0
2022-03-01,North,Wind,DSO,340.498
2022-03-01,North,Wind,TSO,356.9
2022-03-01,South,Wind,DSO,1093.551
2022-03-01,South,Wind,TSO,999.85
2022-03-01,South,Wind,TSO,28.8
2022-03-01,West,Wind,DSO,441.118
2022-03-01,West,Wind,TSO,720.0
2022-03-01,West,Wind,TSO,83.0
2022-03-01,East,Solar,DSO,106.609
2022-03-01,East,Solar,TSO,520.6
2022-03-01,South,Solar,DSO,22.97
2022-03-01,South,Solar,TSO,87.0
2022-03-01,West,Solar,DSO,9.2
2022-04-01,East,Wind,DSO,349.389
2022-04-01,East,Wind,TSO,491.4
2022-04-01,East,Wind,TSO,34.0
2022-04-01,North,Wind,DSO,340.498
2022-04-01,North,Wind,TSO,356.9
2022-04-01,South,Wind,DSO,1093.551
2022-04-01,South,Wind,TSO,999.85
2022-04-01,South,Wind,TSO,28.8
2022-04-01,West,Wind,DSO,441.118
2022-04-01,West,Wind,TSO,720.0
2022-04-01,West,Wind,TSO,83.0
2022-04-01,East,Solar,DSO,106.609
2022-04-01,East,Solar,TSO,520.6
2022-04-01,South,Solar,DSO,22.97
2022-04-01,South,Solar,TSO,87.0
2022-04-01,West,Solar,DSO,9.2
2022-05-01,East,Wind,DSO,349.389
2022-05-01,East,Wind,TSO,491.4
2022-05-01,East,Wind,TSO,34.0
2022-05-01,North,Wind,DSO,340.498
2022-05-01,North,Wind,TSO,356.9
2022-05-01,South,Wind,DSO,1093.551
2022-05-01,South,Wind,TSO,999.85
2022-05-01,South,Wind,TSO,28.8
2022-05-01,West,Wind,DSO,441.118
2022-05-01,West,Wind,TSO,720.0
2022-05-01,West,Wind,TSO,83.0
2022-05-01,East,Solar,DSO,106.609
2022-05-01,East,Solar,TSO,520.6
2022-05-01,South,Solar,DSO,22.97
2022-05-01,South,Solar,TSO,87.0
2022-05-01,West,Solar,DSO,9.2
2022-06-01,East,Wind,DSO,349.389
2022-06-01,East,Wind,TSO,491.4
2022-06-01,East,Wind,TSO,34.0
2022-06-01,North,Wind,DSO,340.498
2022-06-01,North,Wind,TSO,356.9
2022-06-01,South,Wind,DSO,1093.551
2022-06-01,South,Wind,TSO,999.85
2022-06-01,South,Wind,TSO,28.8
2022-06-01,West,Wind,DSO,441.118
2022-06-01,West,Wind,TSO,720.0
2022-06-01,West,Wind,TSO,83.0
2022-06-01,East,Solar,DSO,106.609
2022-06-01,East,Solar,TSO,520.6
2022-06-01,South,Solar,DSO,22.97
2022-06-01,South,Solar,TSO,87.0
2022-06-01,West,Solar,DSO,9.2
2022-07-01,East,Wind,DSO,349.389
2022-07-01,East,Wind,TSO,491.4
2022-07-01,East,Wind,TSO,34.0
2022-07-01,North,Wind,DSO,340.498
2022-07-01,North,Wind,TSO,356.9
2022-07-01,South,Wind,DSO,1093.551
2022-07-01,South,Wind,TSO,999.85
2022-07-01,South,Wind,TSO,28.8
2022-07-01,West,Wind,DSO,441.118
2022-07-01,West,Wind,TSO,720.0
2022-07-01,West,Wind,TSO,83.0
2022-07-01,East,Solar,DSO,106.609
2022-07-01,East,Solar,TSO,520.6
2022-07-01,South,Solar,DSO,22.97
2022-07-01,South,Solar,TSO,87.0
2022-07-01,West,Solar,DSO,9.2
2022-08-01,East,Wind,DSO,349.389
2022-08-01,East,Wind,TSO,491.4
2022-08-01,East,Wind,TSO,34.0
2022-08-01,North,Wind,DSO,340.498
2022-08-01,North,Wind,TSO,356.9
2022-08-01,South,Wind,DSO,1093.551
2022-08-01,South,Wind,TSO,999.85
2022-08-01,South,Wind,TSO,28.8
2022-08-01,West,Wind,DSO,441.118
2022-08-01,West,Wind,TSO,720.0
2022-08-01,West,Wind,TSO,83.0
2022-08-01,East,Solar,DSO,106.609
2022-08-01,East,Solar,TSO,520.6
2022-08-01,South,Solar,DSO,22.97
2022-08-01,South,Solar,TSO,87.0
2022-08-01,West,Solar,DSO,9.2
2022-09-01,East,Wind,DSO,349.389
2022-09-01,East,Wind,TSO,491.4
2022-09-01,East,Wind,TSO,34.0
2022-09-01,North,Wind,DSO,340.498
2022-09-01,North,Wind,TSO,356.9
2022-09-01,South,Wind,DSO,1093.551
2022-09-01,South,Wind,TSO,999.85
2022-09-01,South,Wind,TSO,28.8
2022-09-01,West,Wind,DSO,441.118
2022-09-01,West,Wind,TSO,720.0
2022-09-01,West,Wind,TSO,83.0
2022-09-01,East,Solar,DSO,106.609
2022-09-01,East,Solar,TSO,520.6
2022-09-01,South,Solar,DSO,22.97
2022-09-01,South,Solar,TSO,87.0
2022-09-01,West,Solar,DSO,9.2
2022-10-01,East,Wind,DSO,349.389
2022-10-01,East,Wind,TSO,491.4
2022-10-01,East,Wind,TSO,34.0
2022-10-01,North,Wind,DSO,340.498
2022-10-01,North,Wind,TSO,356.9
2022-10-01,South,Wind,DSO,1093.551
2022-10-01,South,Wind,TSO,999.85
2022-10-01,South,Wind,TSO,28.8
2022-10-01,West,Wind,DSO,441.118
2022-10-01,West,Wind,TSO,720.0
2022-10-01,West,Wind,TSO,83.0
2022-10-01,East,Solar,DSO,106.609
2022-10-01,East,Solar,TSO,520.6
2022-10-01,South,Solar,DSO,22.97
2022-10-01,South,Solar,TSO,87.0
2022-10-01,West,Solar,DSO,9.2
2022-11-01,East,Wind,DSO,349.389
2022-11-01,East,Wind,TSO,491.4
2022-11-01,East,Wind,TSO,34.0
2022-11-01,North,Wind,DSO,340.498
2022-11-01,North,Wind,TSO,356.9
2022-11-01,South,Wind,DSO,1093.551
2022-11-01,South,Wind,TSO,999.85
2022-11-01,South,Wind,TSO,28.8
2022-11-01,West,Wind,DSO,441.118
2022-11-01,West,Wind,TSO,720.0
2022-11-01,West,Wind,TSO,83.0
2022-11-01,East,Solar,DSO,106.609
2022-11-01,East,Solar,TSO,520.6
2022-11-01,South,Solar,DSO,22.97
2022-11-01,South,Solar,TSO,87.0
2022-11-01,West,Solar,DSO,9.2
2022-12-01,East,Wind,DSO,349.389
2022-12-01,East,Wind,TSO,491.4
2022-12-01,East,Wind,TSO,34.0
2022-12-01,North,Wind,DSO,340.498
2022-12-01,North,Wind,TSO,356.9
2022-12-01,South,Wind,DSO,1093.551
2022-12-01,South,Wind,TSO,999.85
2022-12-01,South,Wind,TSO,28.8
2022-12-01,West,Wind,DSO,441.118
2022-12-01,West,Wind,TSO,720.0
2022-12-01,West,Wind,TSO,83.0
2022-12-01,East,Solar,DSO,106.609
2022-12-01,East,Solar,TSO,520.6
2022-12-01,South,Solar,DSO,22.97
2022-12-01,South,Solar,TSO,87.0
2022-12-01,West,Solar,DSO,9.2
2023-01-01,East,Wind,DSO,349.389
2023-01-01,East,Wind,TSO,491.4
2023-01-01,East,Wind,TSO,34.0
2023-01-01,North,Wind,DSO,340.498
2023-01-01,North,Wind,TSO,356.9
2023-01-01,South,Wind,DSO,1093.551
2023-01-01,South,Wind,TSO,999.85
2023-01-01,South,Wind,TSO,28.8
2023-01-01,West,Wind,DSO,441.118
2023-01-01,West,Wind,TSO,720.0
2023-01-01,West,Wind,TSO,83.0
2023-01-01,East,Solar,DSO,106.609
2023-01-01,East,Solar,TSO,520.6
2023-01-01,South,Solar,DSO,22.97
2023-01-01,South,Solar,TSO,87.0
2023-01-01,West,Solar,DSO,9.2
2023-02-01,East,Wind,DSO,349.389
2023-02-01,East,Wind,TSO,491.4
2023-02-01,East,Wind,TSO,34.0
2023-02-01,North,Wind,DSO,340.498
2023-02-01,North,Wind,TSO,356.9
2023-02-01,South,Wind,DSO,1093.551
2023-02-01,South,Wind,TSO,999.85
2023-02-01,South,Wind,TSO,28.8
2023-02-01,West,Wind,DSO,441.118
2023-02-01,West,Wind,TSO,720.0
2023-02-01,West,Wind,TSO,83.0
2023-02-01,East,Solar,DSO,106.609
2023-02-01,East,Solar,TSO,520.6
2023-02-01,South,Solar,DSO,22.97
2023-02-01,South,Solar,TSO,87.0
2023-02-01,West,Solar,DSO,9.2
2023-03-01,East,Wind,DSO,349.389
2023-03-01,East,Wind,TSO,491.4
2023-03-01,East,Wind,TSO,34.0
2023-03-01,North,Wind,DSO,340.498
2023-03-01,North,Wind,TSO,356.9
2023-03-01,South,Wind,DSO,1093.551
2023-03-01,South,Wind,TSO,999.85
2023-03-01,South,Wind,TSO,28.8
2023-03-01,West,Wind,DSO,441.118
2023-03-01,West,Wind,TSO,720.0
2023-03-01,West,Wind,TSO,83.0
2023-03-01,East,Solar,DSO,106.609
2023-03-01,East,Solar,TSO,520.6
2023-03-01,South,Solar,DSO,22.97
2023-03-01,South,Solar,TSO,87.0
2023-03-01,West,Solar,DSO,9.2
2023-04-01,East,Wind,DSO,349.389
2023-04-01,East,Wind,TSO,491.4
2023-04-01,East,Wind,TSO,34.0
2023-04-01,North,Wind,DSO,340.498
2023-04-01,North,Wind,TSO,356.9
2023-04-01,South,Wind,DSO,1093.551
2023-04-01,South,Wind,TSO,999.85
2023-04-01,South,Wind,TSO,28.8
2023-04-01,West,Wind,DSO,441.118
2023-04-01,West,Wind,TSO,720.0
2023-04-01,West,Wind,TSO,83.0
2023-04-01,East,Solar,DSO,106.609
2023-04-01,East,Solar,TSO,520.6
2023-04-01,South,Solar,DSO,22.97
2023-04-01,South,Solar,TSO,87.0
2023-04-01,West,Solar,DSO,9.2
2023-05-01,East,Wind,DSO,349.389
2023-05-01,East,Wind,TSO,491.4
2023-05-01,East,Wind,TSO,34.0
2023-05-01,North,Wind,DSO,340.498
2023-05-01,North,Wind,TSO,356.9
2023-05-01,South,Wind,DSO,1093.551
2023-05-01,South,Wind,TSO,999.85
2023-05-01,South,Wind,TSO,28.8
2023-05-01,West,Wind,DSO,441.118
2023-05-01,West,Wind,TSO,720.0
2023-05-01,West,Wind,TSO,83.0
2023-05-01,East,Solar,DSO,106.609
2023-05-01,East,Solar,TSO,520.6
2023-05-01,South,Solar,DSO,22.97
2023-05-01,South,Solar,TSO,87.0
2023-05-01,West,Solar,DSO,9.2
2023-06-01,East,Wind,DSO,349.389
2023-06-01,East,Wind,TSO,491.4
2023-06-01,East,Wind,TSO,34.0
2023-06-01,North,Wind,DSO,340.498
2023-06-01,North,Wind,TSO,356.9
2023-06-01,South,Wind,DSO,1093.551
2023-06-01,South,Wind,TSO,999.85
2023-06-01,South,Wind,TSO,28.8
2023-06-01,West,Wind,DSO,441.118
2023-06-01,West,Wind,TSO,720.0
2023-06-01,West,Wind,TSO,83.0
2023-06-01,East,Solar,DSO,106.609
2023-06-01,East,Solar,TSO,520.6
2023-06-01,South,Solar,DSO,22.97
2023-06-01,South,Solar,TSO,87.0
2023-06-01,West,Solar,DSO,9.2
2023-07-01,East,Wind,DSO,349.389
2023-07-01,East,Wind,TSO,491.4
2023-07-01,East,Wind,TSO,34.0
2023-07-01,North,Wind,DSO,340.498
2023-07-01,North,Wind,TSO,356.9
2023-07-01,South,Wind,DSO,1093.551
2023-07-01,South,Wind,TSO,999.85
2023-07-01,South,Wind,TSO,28.8
2023-07-01,West,Wind,DSO,441.118
2023-07-01,West,Wind,TSO,720.0
2023-07-01,West,Wind,TSO,83.0
2023-07-01,East,Solar,DSO,106.609
2023-07-01,East,Solar,TSO,520.6
2023-07-01,South,Solar,DSO,22.97
2023-07-01,South,Solar,TSO,87.0
2023-07-01,West,Solar,DSO,9.2
2023-08-01,East,Wind,DSO,349.389
2023-08-01,East,Wind,TSO,491.4
2023-08-01,East,Wind,TSO,34.0
2023-08-01,North,Wind,DSO,340.498
2023-08-01,North,Wind,TSO,356.9
2023-08-01,South,Wind,DSO,1093.551
2023-08-01,South,Wind,TSO,999.85
2023-08-01,South,Wind,TSO,28.8
2023-08-01,West,Wind,DSO,441.118
2023-08-01,West,Wind,TSO,720.0
2023-08-01,West,Wind,TSO,83.0
2023-08-01,East,Solar,DSO,106.609
2023-08-01,East,Solar,TSO,520.6
2023-08-01,South,Solar,DSO,22.97
2023-08-01,South,Solar,TSO,87.0
2023-08-01,West,Solar,DSO,9.2
2023-09-01,East,Wind,DSO,349.389
2023-09-01,East,Wind,TSO,491.4
2023-09-01,East,Wind,TSO,34.0
2023-09-01,North,Wind,DSO,340.498
2023-09-01,North,Wind,TSO,356.9
2023-09-01,South,Wind,DSO,1093.551
2023-09-01,South,Wind,TSO,999.85
2023-09-01,South,Wind,TSO,28.8
2023-09-01,West,Wind,DSO,441.118
2023-09-01,West,Wind,TSO,720.0
2023-09-01,West,Wind,TSO,83.0
2023-09-01,East,Solar,DSO,106.609
2023-09-01,East,Solar,TSO,520.6
2023-09-01,South,Solar,DSO,22.97
2023-09-01,South,Solar,TSO,87.0
2023-09-01,West,Solar,DSO,9.2
2023-10-01,East,Wind,DSO,349.389
2023-10-01,East,Wind,TSO,491.4
2023-10-01,East,Wind,TSO,34.0
2023-10-01,North,Wind,DSO,340.498
2023-10-01,North,Wind,TSO,356.9
2023-10-01,South,Wind,DSO,1093.551
2023-10-01,South,Wind,TSO,999.85
2023-10-01,South,Wind,TSO,28.8
2023-10-01,West,Wind,DSO,441.118
2023-10-01,West,Wind,TSO,720.0
2023-10-01,West,Wind,TSO,83.0
2023-10-01,East,Solar,DSO,106.609
2023-10-01,East,Solar,TSO,520.6
2023-10-01,South,Solar,DSO,22.97
2023-10-01,South,Solar,TSO,87.0
2023-10-01,West,Solar,DSO,9.2
2023-11-01,East,Wind,DSO,349.389
2023-11-01,East,Wind,TSO,491.4
2023-11-01,East,Wind,TSO,34.0
2023-11-01,North,Wind,DSO,340.498
2023-11-01,North,Wind,TSO,356.9
2023-11-01,South,Wind,DSO,1093.551
2023-11-01,South,Wind,TSO,999.85
2023-11-01,South,Wind,TSO,28.8
2023-11-01,West,Wind,DSO,441.118
2023-11-01,West,Wind,TSO,720.0
2023-11-01,West,Wind,TSO,83.0
2023-11-01,East,Solar,DSO,106.609
2023-11-01,East,Solar,TSO,520.6
2023-11-01,South,Solar,DSO,22.97
2023-11-01,South,Solar,TSO,87.0
2023-11-01,West,Solar,DSO,9.2
2023-12-01,East,Wind,DSO,349.389
2023-12-01,East,Wind,TSO,491.4
2023-12-01,East,Wind,TSO,34.0
2023-12-01,North,Wind,DSO,340.498
2023-12-01,North,Wind,TSO,356.9
2023-12-01,South,Wind,DSO,1093.551
2023-12-01,South,Wind,TSO,999.85
2023-12-01,South,Wind,TSO,28.8
2023-12-01,West,Wind,DSO,441.118
2023-12-01,West,Wind,TSO,720.0
2023-12-01,West,Wind,TSO,83.0
2023-12-01,East,Solar,DSO,106.609
2023-12-01,East,Solar,TSO,520.6
2023-12-01,South,Solar,DSO,22.97
2023-12-01,South,Solar,TSO,87.0
2023-12-01,West,Solar,DSO,9.2
2024-01-01,East,Wind,DSO,349.389
2024-01-01,East,Wind,TSO,491.4
2024-01-01,East,Wind,TSO,34.0
2024-01-01,North,Wind,DSO,340.498
2024-01-01,North,Wind,TSO,356.9
2024-01-01,South,Wind,DSO,1093.551
2024-01-01,South,Wind,TSO,999.85
2024-01-01,South,Wind,TSO,28.8
2024-01-01,West,Wind,DSO,441.118
2024-01-01,West,Wind,TSO,720.0
2024-01-01,West,Wind,TSO,83.0
2024-01-01,East,Solar,DSO,106.609
2024-01-01,East,Solar,TSO,520.6
2024-01-01,South,Solar,DSO,22.97
2024-01-01,South,Solar,TSO,87.0
2024-01-01,West,Solar,DSO,9.2
2024-02-01,East,Wind,DSO,349.389
2024-02-01,East,Wind,TSO,491.4
2024-02-01,East,Wind,TSO,34.0
2024-02-01,North,Wind,DSO,340.498
2024-02-01,North,Wind,TSO,356.9
2024-02-01,South,Wind,DSO,1093.551
2024-02-01,South,Wind,TSO,999.85
2024-02-01,South,Wind,TSO,28.8
2024-02-01,West,Wind,DSO,441.118
2024-02-01,West,Wind,TSO,720.0
2024-02-01,West,Wind,TSO,83.0
2024-02-01,East,Solar,DSO,106.609
2024-02-01,East,Solar,TSO,520.6
2024-02-01,South,Solar,DSO,22.97
2024-02-01,South,Solar,TSO,87.0
2024-02-01,West,Solar,DSO,9.2
2024-03-01,East,Wind,DSO,349.389
2024-03-01,East,Wind,TSO,491.4
2024-03-01,East,Wind,TSO,34.0
2024-03-01,North,Wind,DSO,340.498
2024-03-01,North,Wind,TSO,356.9
2024-03-01,South,Wind,DSO,1093.551
2024-03-01,South,Wind,TSO,999.85
2024-03-01,South,Wind,TSO,28.8
2024-03-01,West,Wind,DSO,441.118
2024-03-01,West,Wind,TSO,720.0
2024-03-01,West,Wind,TSO,83.0
2024-03-01,East,Solar,DSO,106.609
2024-03-01,East,Solar,TSO,520.6
2024-03-01,South,Solar,DSO,22.97
2024-03-01,South,Solar,TSO,87.0
2024-03-01,West,Solar,DSO,9.2
2024-04-01,East,Wind,DSO,349.389
2024-04-01,East,Wind,TSO,491.4
2024-04-01,East,Wind,TSO,34.0
2024-04-01,North,Wind,DSO,340.498
2024-04-01,North,Wind,TSO,356.9
2024-04-01,South,Wind,DSO,1093.551
2024-04-01,South,Wind,TSO,999.85
2024-04-01,South,Wind,TSO,28.8
2024-04-01,West,Wind,DSO,441.118
2024-04-01,West,Wind,TSO,720.0
2024-04-01,West,Wind,TSO,83.0
2024-04-01,East,Solar,DSO,106.609
2024-04-01,East,Solar,TSO,520.6
2024-04-01,South,Solar,DSO,22.97
2024-04-01,South,Solar,TSO,87.0
2024-04-01,West,Solar,DSO,9.2
2024-05-01,East,Wind,DSO,349.389
2024-05-01,East,Wind,TSO,491.4
2024-05-01,East,Wind,TSO,34.0
2024-05-01,North,Wind,DSO,340.498
2024-05-01,North,Wind,TSO,356.9
2024-05-01,South,Wind,DSO,1093.551
2024-05-01,South,Wind,TSO,999.85
2024-05-01,South,Wind,TSO,28.8
2024-05-01,West,Wind,DSO,441.118
2024-05-01,West,Wind,TSO,720.0
2024-05-01,West,Wind,TSO,83.0
2024-05-01,East,Solar,DSO,106.609
2024-05-01,East,Solar,TSO,520.6
2024-05-01,South,Solar,DSO,22.97
2024-05-01,South,Solar,TSO,87.0
2024-05-01,West,Solar,DSO,9.2
2024-06-01,East,Wind,DSO,349.389
2024-06-01,East,Wind,TSO,491.4
2024-06-01,East,Wind,TSO,34.0
2024-06-01,North,Wind,DSO,340.498
2024-06-01,North,Wind,TSO,356.9
2024-06-01,South,Wind,DSO,1093.551
2024-06-01,South,Wind,TSO,999.85
2024-06-01,South,Wind,TSO,28.8
2024-06-01,West,Wind,DSO,441.118
2024-06-01,West,Wind,TSO,720.0
2024-06-01,West,Wind,TSO,83.0
2024-06-01,East,Solar,DSO,106.609
2024-06-01,East,Solar,TSO,520.6
2024-06-01,South,Solar,DSO,22.97
2024-06-01,South,Solar,TSO,87.0
2024-06-01,West,Solar,DSO,9.2
2024-07-01,East,Wind,DSO,349.389
2024-07-01,East,Wind,TSO,491.4
2024-07-01,East,Wind,TSO,34.0
2024-07-01,North,Wind,DSO,340.498
2024-07-01,North,Wind,TSO,356.9
2024-07-01,South,Wind,DSO,1093.551
2024-07-01,South,Wind,TSO,999.85
2024-07-01,South,Wind,TSO,28.8
2024-07-01,West,Wind,DSO,441.118
2024-07-01,West,Wind,TSO,720.0
2024-07-01,West,Wind,TSO,83.0
2024-07-01,East,Solar,DSO,106.609
2024-07-01,East,Solar,TSO,520.6
2024-07-01,South,Solar,DSO,22.97
2024-07-01,South,Solar,TSO,87.0
2024-07-01,West,Solar,DSO,9.2
2024-08-01,East,Wind,DSO,349.389
2024-08-01,East,Wind,TSO,491.4
2024-08-01,East,Wind,TSO,34.0
2024-08-01,North,Wind,DSO,340.498
2024-08-01,North,Wind,TSO,356.9
2024-08-01,South,Wind,DSO,1093.551
2024-08-01,South,Wind,TSO,999.85
2024-08-01,South,Wind,TSO,28.8
2024-08-01,West,Wind,DSO,441.118
2024-08-01,West,Wind,TSO,720.0
2024-08-01,West,Wind,TSO,83.0
2024-08-01,East,Solar,DSO,106.609
2024-08-01,East,Solar,TSO,520.6
2024-08-01,South,Solar,DSO,22.97
2024-08-01,South,Solar,TSO,87.0
2024-08-01,West,Solar,DSO,9.2
2024-09-01,East,Wind,DSO,349.389
2024-09-01,East,Wind,TSO,491.4
2024-09-01,East,Wind,TSO,34.0
2024-09-01,North,Wind,DSO,340.498
2024-09-01,North,Wind,TSO,356.9
2024-09-01,South,Wind,DSO,1093.551
2024-09-01,South,Wind,TSO,999.85
2024-09-01,South,Wind,TSO,28.8
2024-09-01,West,Wind,DSO,441.118
2024-09-01,West,Wind,TSO,720.0
2024-09-01,West,Wind,TSO,83.0
2024-09-01,East,Solar,DSO,106.609
2024-09-01,East,Solar,TSO,520.6
2024-09-01,South,Solar,DSO,22.97
2024-09-01,South,Solar,TSO,87.0
2024-09-01,West,Solar,DSO,9.2
2024-10-01,East,Wind,DSO,349.389
2024-10-01,East,Wind,TSO,491.4
2024-10-01,East,Wind,TSO,34.0
2024-10-01,North,Wind,DSO,340.498
2024-10-01,North,Wind,TSO,356.9
2024-10-01,South,Wind,DSO,1093.551
2024-10-01,South,Wind,TSO,999.85
2024-10-01,South,Wind,TSO,28.8
2024-10-01,West,Wind,DSO,441.118
2024-10-01,West,Wind,TSO,720.0
2024-10-01,West,Wind,TSO,83.0
2024-10-01,East,Solar,DSO,106.609
2024-10-01,East,Solar,TSO,520.6
2024-10-01,South,Solar,DSO,22.97
2024-10-01,South,Solar,TSO,87.0
2024-10-01,West,Solar,DSO,9.2
2024-11-01,East,Wind,DSO,349.389
2024-11-01,East,Wind,TSO,491.4
2024-11-01,East,Wind,TSO,34.0
2024-11-01,North,Wind,DSO,340.498
2024-11-01,North,Wind,TSO,356.9
2024-11-01,South,Wind,DSO,1093.551
2024-11-01,South,Wind,TSO,999.85
2024-11-01,South,Wind,TSO,28.8
2024-11-01,West,Wind,DSO,441.118
2024-11-01,West,Wind,TSO,720.0
2024-11-01,West,Wind,TSO,83.0
2024-11-01,East,Solar,DSO,106.609
2024-11-01,East,Solar,TSO,520.6
2024-11-01,South,Solar,DSO,22.97
2024-11-01,South,Solar,TSO,87.0
2024-11-01,West,Solar,DSO,9.2
2024-12-01,East,Wind,DSO,349.389
2024-12-01,East,Wind,TSO,491.4
2024-12-01,East,Wind,TSO,34.0
2024-12-01,North,Wind,DSO,340.498
2024-12-01,North,Wind,TSO,356.9
2024-12-01,South,Wind,DSO,1093.551
2024-12-01,South,Wind,TSO,999.85
2024-12-01,South,Wind,TSO,28.8
2024-12-01,West,Wind,DSO,441.118
2024-12-01,West,Wind,TSO,720.0
2024-12-01,West,Wind,TSO,83.0
2024-12-01,East,Solar,DSO,106.609
2024-12-01,East,Solar,TSO,520.6
2024-12-01,South,Solar,DSO,22.97
2024-12-01,South,Solar,TSO,87.0
2024-12-01,West,Solar,DSO,9.2
