Project,Type,Category,Installed_MW,Connection_Date,County,Connection_Type,Zone
Golagh,Wind,Onshore,15.0,1997-07-01,Donegal,TSO,North
Kingsmountain,Wind,Onshore,25.0,2003-05-01,Sligo,TSO,West
Meentycat,Wind,Onshore,72.4,2004-10-01,Donegal,TSO,North
Ballywater,Wind,Onshore,31.5,2005-05-01,Wexford,TSO,East
Booltiagh,Wind,Onshore,19.5,2005-08-01,Clare,TSO,West
Derrybrien ,Wind,Onshore,59.5,2005-10-01,Galway,TSO,West
Coomagearlahy,Wind,Onshore,45.0,2006-03-01,Kerry,TSO,South
Midas,Wind,Onshore,32.45,2007-07-01,Kerry,TSO,South
Ballywater,Wind,Onshore,10.5,2007-08-01,Wexford,TSO,East
Mountain Lodge,Wind,Onshore,25.5,2008-04-01,Cavan,TSO,North
Pallas,Wind,Onshore,40.0,2008-06-01,Kerry,TSO,South
Coomacheo,Wind,Onshore,41.4,2008-06-01,Cork,TSO,South
Coomagearlahy,Wind,Onshore,8.5,2009-03-01,Kerry,TSO,South
Mountain Lodge,Wind,Onshore,6.0,2009-03-01,Cavan,TSO,North
Coomagearlahy,Wind,Onshore,32.5,2009-06-01,Kerry,TSO,South
Coomacheo,Wind,Onshore,18.4,2009-07-01,Cork,TSO,South
Lisheen,Wind,Onshore,36.0,2009-07-01,Tipperary,TSO,South
Meentycat,Wind,Onshore,16.1,2009-10-01,Donegal,TSO,North
Bindoo,Wind,Onshore,48.0,2009-10-01,Cavan,TSO,North
Boggeragh,Wind,Onshore,57.0,2009-12-01,Cork,TSO,South
Dromada,Wind,Onshore,28.5,2009-12-01,Limerick,TSO,South
Garvagh,Wind,Onshore,26.0,2010-06-01,Leitrim,TSO,West
Garvagh,Wind,Onshore,22.0,2010-06-01,Roscommon,TSO,West
Kingsmountain,Wind,Onshore,11.05,2010-06-01,Sligo,TSO,West
Castledockrell,Wind,Onshore,20.7,2011-01-01,Wexford,TSO,East
Castledockrell,Wind,Onshore,2.3,2011-01-01,Wexford,TSO,East
Castledockrell,Wind,Onshore,2.3,2011-01-01,Wexford,TSO,East
Castledockrell,Wind,Onshore,16.1,2011-01-01,Wexford,TSO,East
Lisheen ,Wind,Onshore,24.0,2013-05-01,Tipperary,TSO,South
Booltiagh,Wind,Onshore,12.0,2013-09-01,Clare,TSO,West
Athea,Wind,Onshore,34.35,2014-02-01,Limerick,TSO,South
Knockacummer,Wind,Onshore,100.0,2015-07-01,Cork,TSO,South
Mountlucas,Wind,Onshore,84.0,2014-11-01,Offaly,TSO,East
Kill Hill,Wind,Onshore,36.0,2014-12-01,Tipperary,TSO,South
Woodhouse,Wind,Onshore,20.0,2015-06-01,Waterford,TSO,South
Cloghboola,Wind,Onshore,48.0,2015-10-01,Kerry,TSO,South
Boggeragh,Wind,Onshore,65.7,2016-06-01,Cork,TSO,South
Mulreavy,Wind,Onshore,5.0,2016-10-01,Donegal,TSO,North
Sliabh Bawn,Wind,Onshore,64.0,2016-12-01,Roscommon,TSO,West
Mulreavy,Wind,Onshore,90.0,2017-02-01,Donegal,TSO,North
Uggool,Wind,Onshore,64.0,2017-02-01,Galway,TSO,West
Moneypoint,Wind,Onshore,17.25,2017-06-01,Clare,TSO,West
Seecon,Wind,Onshore,108.0,2017-08-01,Galway,TSO,West
Cordal,Wind,Onshore,35.2,2018-03-01,Kerry,TSO,South
Cordal,Wind,Onshore,54.4,2018-03-01,Kerry,TSO,South
Clahane,Wind,Onshore,13.8,2018-08-01,Kerry,TSO,South
Kelwin,Wind,Onshore,37.05,2018-09-01,Kerry,TSO,South
Knockalassa,Wind,Onshore,27.5,2018-10-01,Clare,TSO,West
Boolinrudda,Wind,Onshore,45.0,2018-10-01,Clare,TSO,West
Knockalough,Wind,Onshore,35.2,2019-01-01,Galway,TSO,West
Oweninny,Wind,Onshore,92.8,2019-10-01,Mayo,TSO,West
Grousemount,Wind,Onshore,114.2,2020-04-01,Kerry,TSO,South
Beenanaspuck & Tobertoreen ,Wind,Onshore,23.1,2020-04-01,Kerry,TSO,South
Carrigdangan,Wind,Onshore,54.3,2021-01-01,Cork,TSO,South
Cloncreen,Wind,Onshore,75.6,2022-11-01,Offaly,TSO,East
Lisheen,Wind ,Onshore,28.8,2023-02-01,Tipperary,TSO,South
Cloghan,Wind ,Onshore,34.0,2023-01-01,Offaly,TSO,East
Oweninny,Wind ,Onshore,83.0,2023-04-01,Mayo,TSO,West
Lenalea,Wind,Onshore,30.1,2023-09-01,Donegal,TSO,North
Ardderroo,Wind,Onshore,91.2,2023-08-01,Galway,TSO,West
Drumlins,Wind,Onshore,48.8,2024-06-01,Monaghan,TSO,North
Moanvane,Wind,Onshore,57.0,2024-08-01,Offaly,TSO,East
Derrinlough,Wind,Onshore,105.0,2025-01-01,Offaly,TSO,East
Yellow River,Wind,Onshore,86.4,2025-02-01,Offaly,TSO,East
Spion Kop Wind Farm,Wind,Onshore,1.2,1997-12-01,Roscommon,DSO,West
Cappawhite A Wind Farm (Gate 3),Wind,Onshore,49.08,2017-06-23,Tipperary,DSO,South
Cleanrath Wind Farm,Wind,Onshore,42.64,2019-11-21,Cork,DSO,South
Knocknagoum (1),Wind,Onshore,42.55,2013-09-09,Kerry,DSO,South
Leitir Guingaid Wind Farm,Wind,Onshore,40.9,2014-02-07,Galway,DSO,West
Magheramore and Cloontooa Wind Farm,Wind,Onshore,40.8,2018-12-12,Tipperary,DSO,South
Bruckana,Wind,Onshore,39.6,2014-07-16,Tipperary,DSO,South
Boolynagleragh (1),Wind,Onshore,36.98,2019-09-03,Clare,DSO,West
Garracummer Wind Farm,Wind,Onshore,36.9,2013-03-05,Tipperary,DSO,South
Scartaglen Wind Farm,Wind,Onshore,35.45,2017-12-12,Kerry,DSO,South
Raheenleagh (1),Wind,Onshore,35.2,2016-08-04,Wicklow,DSO,East
Carrowleagh Wind Farm (1),Wind,Onshore,34.15,2012-06-06,Donegal,DSO,North
Derrysallagh Wind Farm (Formerly Kilronan 2),Wind,Onshore,34.0,2019-11-29,Derry,DSO,NI
Castlepook (1),Wind,Onshore,33.1,2017-11-28,Cork,DSO,South
Glencarbry Wind Farm,Wind,Onshore,33.0,2016-10-27,Tipperary,DSO,South
Glenough Wind Farm,Wind,Onshore,33.0,2011-08-22,Tipperary,DSO,South
Monaincha Bog Wind Farm (Gate 3),Wind,Onshore,32.55,2014-01-31,Tipperary,DSO,South
Barranafaddock Wind Farm,Wind,Onshore,32.4,2015-05-01,Cork,DSO,South
Sorne Hill Wind Farm,Wind,Onshore,31.5,2006-07-01,Donegal,DSO,North
Bunnyconnellan Wind Farm,Wind,Onshore,28.0,2019-12-04,Donegal,DSO,North
Taurbeg Wind Farm,Wind,Onshore,26.0,2006-01-01,Cork,DSO,South
Arklow Bank Wind Farm (1),Wind,Onshore,25.2,2003-11-01,Wicklow,DSO,East
Sorrell Island (Prev Glenmore),Wind,Onshore,24.0,2019-09-03,Clare,DSO,West
Bawnmore (Burren/Carraignimma),Wind,Onshore,24.0,2011-10-14,Cork,DSO,South
Taghart Wind Farm (formerly Cregg WF),Wind,Onshore,23.06,2022-07-22,Meath,DSO,East
Knockawarriga Wind Farm,Wind,Onshore,22.5,2008-07-01,Roscommon,DSO,West
Gortahile Wind Farm,Wind,Onshore,21.0,2010-06-21,Carlow,DSO,East
Richfield Wind Farm,Wind,Onshore,20.25,2006-08-01,Wexford,DSO,East
Glanaruddery 1 (formerly Dromadda More Wind Farm),Wind,Onshore,20.0,2018-02-13,Cork,DSO,South
Carraigcannon Wind Farm,Wind,Onshore,20.0,2011-03-25,Cork,DSO,South
Ballybane (Glanta Commons) Wind Farm,Wind,Onshore,19.55,2008-07-01,Cork,DSO,South
Killala Wind Farm (Phase 1),Wind,Onshore,19.2,2019-05-30,Mayo,DSO,West
Raheen Barr Wind Farm,Wind,Onshore,18.7,2003-11-01,Mayo,DSO,West
Coollegrean Wind Farm,Wind,Onshore,18.5,2018-01-30,Kerry,DSO,South
Knocknatallig Wind Farm (formerly Buttevant Wind Farm),Wind,Onshore,18.3,2017-11-28,Cork,DSO,South
Ballycumber Wind Farm,Wind,Onshore,18.0,2019-03-20,Wicklow,DSO,East
Leanamore Wind Farm (Tarbert Wind Farm),Wind,Onshore,18.0,2017-12-18,Kerry,DSO,South
Cronalaght Wind Farm 2,Wind,Onshore,17.96,2019-08-28,Mayo,DSO,West
Acres Wind Farm,Wind,Onshore,17.5,2015-05-23,Donegal,DSO,North
Tournafulla (2) Wind Farm,Wind,Onshore,17.2,2008-04-01,Roscommon,DSO,West
Killaveenoge Windfarm (Derryvacorneen merge with Barrboy Windfarm),Wind,Onshore,17.0,2016-12-16,Cork,DSO,South
Dromdeeveen Wind Farm (2),Wind,Onshore,16.5,2011-08-24,Cork,DSO,South
Grove Hill Windfarm (formerly Tullynageer WF),Wind,Onshore,16.1,2016-09-03,Louth,DSO,East
Muingnaminnane Wind Farm,Wind,Onshore,15.3,2010-02-09,Kerry,DSO,South
Tursillagh Wind Farm,Wind,Onshore,15.0,2000-11-01,Kerry,DSO,South
Grouse Lodge Wind Farm,Wind,Onshore,15.0,2011-04-08,Limerick,DSO,South
Cark,Wind,Onshore,15.0,1997-12-01,Donegal,DSO,North
Ballincollig Hill Wind Farm (Lee Strand),Wind,Onshore,15.0,2010-03-04,Kerry,DSO,South
Gibbet Hill Wind Farm,Wind,Onshore,14.8,2013-03-01,Wexford,DSO,East
Ballycadden Wind Farm (1),Wind,Onshore,14.45,2012-10-12,Wexford,DSO,East
Beam Hill Wind Farm,Wind,Onshore,14.0,2006-08-01,Tyrone,DSO,NI
Ballybay Wind Farm (Tullaroan),Wind,Onshore,13.8,2017-07-21,Tipperary,DSO,South
Mauricetown (Glenduff)  Wind Farm,Wind,Onshore,13.8,2020-04-16,Cork,DSO,South
Tullabrack Wind Farm,Wind,Onshore,13.8,2017-05-19,Clare,DSO,West
Lissycasey Wind Farm,Wind,Onshore,13.399,2019-10-31,Clare,DSO,West
Cappawhite B Wind Farm (Cappagh White),Wind,Onshore,13.18,2018-06-19,Tipperary,DSO,South
Moanmore Wind Farm,Wind,Onshore,12.6,2004-12-01,Clare,DSO,West
Cloghaneleskirt Wind Farm,Wind,Onshore,12.55,2018-04-27,Cork,DSO,South
Black Lough Wind farm,Wind,Onshore,12.5,2020-03-06,Donegal,DSO,North
Rathcahill West Windfarm,Wind,Onshore,12.5,2011-05-02,Limerick,DSO,South
Glanaruddery 2 (formerly Dromadda More 2),Wind,Onshore,12.0,2018-02-13,Cork,DSO,South
Esk Wind Farm Phase 2,Wind,Onshore,12.0,2020-10-16,Cork,DSO,South
Tullynamoyle Wind Farm 3 (Formerly Geevagh 2),Wind,Onshore,11.98,2017-09-18,Monaghan,DSO,North
Carnsore Wind Farm,Wind,Onshore,11.9,2002-08-01,Wexford,DSO,East
Meenachullalan Wind Farm,Wind,Onshore,11.9,2008-11-01,Donegal,DSO,North
Culliagh Wind Farm (Meenbog),Wind,Onshore,11.88,2000-10-01,Donegal,DSO,North
An Cnoc,Wind,Onshore,11.5,2017-09-19,Tipperary,DSO,South
Ballybane 2A (Glanta Commons) Wind Farm,Wind,Onshore,11.5,2015-01-30,Cork,DSO,South
Raragh 2 Wind Farm,Wind,Onshore,11.5,2019-11-28,Meath,DSO,East
Clogheravaddy Wind Farm (Phase 2),Wind,Onshore,10.8,2022-02-08,Donegal,DSO,North
Dromdeeveen Wind Farm (1),Wind,Onshore,10.5,2011-08-24,Cork,DSO,South
Gartnaneane (1) Wind Farm,Wind,Onshore,10.5,2004-11-01,Meath,DSO,East
Caherdowney Wind Farm,Wind,Onshore,10.0,2012-04-16,Donegal,DSO,North
Glantaunyalkeen Windfarm,Wind,Onshore,9.999,2018-08-30,Cork,DSO,South
Meenwaun Wind Farm,Wind,Onshore,9.99,2017-12-21,Cork,DSO,South
Corkermore Wind Farm Phase 1,Wind,Onshore,9.99,2011-07-06,Donegal,DSO,North
Drumlough Hill (2) (Lough Doo),Wind,Onshore,9.99,2011-04-01,Tyrone,DSO,NI
Ballycadden Wind Farm (2),Wind,Onshore,9.762,2012-10-12,Wexford,DSO,East
Foyle Wind Farm (prev Holmes Hill),Wind,Onshore,9.6,2017-07-25,Tipperary,DSO,South
Gneeves Wind Farm,Wind,Onshore,9.35,2005-06-29,Kerry,DSO,South
Flughland,Wind,Onshore,9.2,2009-06-30,Donegal,DSO,North
Lisdowney Wind Farm,Wind,Onshore,9.2,2016-10-14,Kilkenny,DSO,East
Clogheravaddy Wind Farm (Phase 1),Wind,Onshore,9.2,2019-12-03,Donegal,DSO,North
Teevurcher Wind Farm,Wind,Onshore,9.0,2017-12-18,Meath,DSO,East
Hollyford(Holyford) Wind Farm,Wind,Onshore,9.0,2013-12-10,Tipperary,DSO,South
Tullynamoyle,Wind,Onshore,9.0,2011-07-01,Monaghan,DSO,North
Knockaneden Wind Farm,Wind,Onshore,9.0,2012-09-14,Leitrim,DSO,West
Garranereagh Wind Farm,Wind,Onshore,8.75,2013-04-30,Cork,DSO,South
Kealkil Wind Farm,Wind,Onshore,8.5,2005-05-01,Cork,DSO,South
Derrynadivva Wind Farm (prev. sd),Wind,Onshore,8.5,2009-09-20,Mayo,DSO,West
Ballybane 2 (Glanta Commons) Wind Farm,Wind,Onshore,8.4,2009-11-01,Cork,DSO,South
Ballymartin (2) - Smithstown,Wind,Onshore,8.28,2013-03-29,Waterford,DSO,South
Sorrell Island (Glenmore) WF Ext,Wind,Onshore,8.0,2020-10-28,Clare,DSO,West
Killaveenoge Windfarm - (Derryvacorneen merge with Barrboy),Wind,Onshore,7.8,2016-12-16,Cork,DSO,South
Carrickeeny Wind Farm,Wind,Onshore,7.65,2014-03-24,Sligo,DSO,West
Altagowlan Wind Farm,Wind,Onshore,7.65,2005-09-01,Monaghan,DSO,North
Loughderryduff Wind Farm,Wind,Onshore,7.65,2008-10-01,Donegal,DSO,North
Sonnagh Old Phase 1,Wind,Onshore,7.65,2004-05-01,Galway,DSO,West
Mullananalt Wind Farm,Wind,Onshore,7.5,2008-11-01,Meath,DSO,East
Knockastanna Wind Farm,Wind,Onshore,7.5,2009-03-01,Clare,DSO,West
Tournafulla Wind Farm (1),Wind,Onshore,7.5,2007-01-01,Roscommon,DSO,West
Sorne Hill (2),Wind,Onshore,7.4,2009-02-20,Donegal,DSO,North
Meenaward Wind Farm (Formerly Beam Hill 2),Wind,Onshore,6.9,2017-12-06,Tyrone,DSO,NI
Derrynadivva Extension,Wind,Onshore,6.8,2019-12-18,Mayo,DSO,West
Black Banks (2),Wind,Onshore,6.8,2005-09-01,Monaghan,DSO,North
Tursillagh (2) Wind Farm,Wind,Onshore,6.8,2004-09-01,Kerry,DSO,South
Richfield Wind Farm (2),Wind,Onshore,6.75,2006-08-01,Wexford,DSO,East
Knockawarriga Extension (Knockacummer & Caherlevoy) Wind Farm,Wind,Onshore,6.6,2020-02-12,Roscommon,DSO,West
Bellacorrick Wind Farm,Wind,Onshore,6.45,1992-10-01,Mayo,DSO,West
Faughary Wind Farm,Wind,Onshore,6.0,2014-12-16,Sligo,DSO,West
Cahermurphy Wind Farm,Wind,Onshore,6.0,2020-01-23,Clare,DSO,West
Ballymartin (1) (Smithstown),Wind,Onshore,6.0,2011-06-08,Waterford,DSO,South
Killin Hill Wind Farm,Wind,Onshore,6.0,2017-06-23,Donegal,DSO,North
Lackan Wind Farm,Wind,Onshore,6.0,2008-06-30,Mayo,DSO,West
Esk Wind Farm Phase 1,Wind,Onshore,5.95,2020-10-16,Cork,DSO,South
Coomatallin Wind Farm,Wind,Onshore,5.95,2005-01-01,Cork,DSO,South
Milane Hill Wind Farm,Wind,Onshore,5.94,2000-09-01,Cork,DSO,South
Largan Hill,Wind,Onshore,5.94,2000-11-01,Mayo,DSO,West
Esk Wind Farm Phase 1,Wind,Onshore,5.4,2020-10-16,Cork,DSO,South
Mount Eagle Wind Farm,Wind,Onshore,5.1,2005-03-01,Kerry,DSO,South
Knocknalour Wind Farm (1),Wind,Onshore,5.0,2013-06-20,Wexford,DSO,East
Kilronan,Wind,Onshore,5.0,1997-12-01,Roscommon,DSO,West
Crockahenny,Wind,Onshore,5.0,1998-04-01,Tyrone,DSO,NI
Lurganboy Wind Farm,Wind,Onshore,4.99,2008-06-01,Donegal,DSO,North
Carrons (A&B) Wind Farm,Wind,Onshore,4.99,2010-11-26,Limerick,DSO,South
Greenoge Wind Farm,Wind,Onshore,4.99,2005-06-27,Galway,DSO,West
Clydaghroe Wind Farm,Wind,Onshore,4.99,2012-04-24,Donegal,DSO,North
Ballycurreen Wind Farm,Wind,Onshore,4.99,2014-03-26,Waterford,DSO,South
Cronelea Wind Farm,Wind,Onshore,4.99,2007-05-21,Carlow,DSO,East
Mount Cronalaght,Wind,Onshore,4.98,1997-07-01,Mayo,DSO,West
Geevagh Wind Farm,Wind,Onshore,4.95,2006-01-01,Monaghan,DSO,North
Drumlough Hill Wind Farm,Wind,Onshore,4.8,1997-08-01,Tyrone,DSO,NI
Corrie Mt.,Wind,Onshore,4.8,1997-03-01,Roscommon,DSO,West
Kilberehert Wind Farm,Wind,Onshore,4.799,2017-04-14,Cork,DSO,South
Kilmeedy Wind Farm,Wind,Onshore,4.7,2016-12-22,Cork,DSO,South
Kiltumper Wind Farm,Wind,Onshore,4.69,2019-12-18,Clare,DSO,West
Lenanavea (Burren) Wind Farm,Wind,Onshore,4.65,2011-02-07,Mayo,DSO,West
Currabwee Wind Farm,Wind,Onshore,4.62,1999-11-01,Cork,DSO,South
Ballincurry Wind Farm Ltd (Glengoole),Wind,Onshore,4.6,2019-05-31,Tipperary,DSO,South
Seltanaveeny Wind Farm,Wind,Onshore,4.6,2011-03-25,Roscommon,DSO,West
Skrine Wind Farm,Wind,Onshore,4.6,2011-03-20,Longford,DSO,East
Carrownaweelaun Wind Farm,Wind,Onshore,4.6,2015-07-03,Clare,DSO,West
Ballagh Wind Farm,Wind,Onshore,4.6,2018-01-31,Roscommon,DSO,West
Reenascreena Wind Farm,Wind,Onshore,4.5,2009-06-24,Cork,DSO,South
Curraghderrig,Wind,Onshore,4.5,2017-12-14,Roscommon,DSO,West
Cronelea Wind Farm (2),Wind,Onshore,4.5,2009-12-11,Carlow,DSO,East
Kilvinane Wind Farm,Wind,Onshore,4.5,2006-08-01,Cork,DSO,South
Gartnaneane II Wind Farm,Wind,Onshore,4.5,2004-11-01,Meath,DSO,East
WEDcross Wind Farm,Wind,Onshore,4.5,2009-11-01,Kerry,DSO,South
Rathnacally Wind Farm,Wind,Onshore,4.45,2018-07-09,Cork,DSO,South
Boolard Wind Farm,Wind,Onshore,4.45,2019-12-05,Cork,DSO,South
Ballybane 3 (Glanta Commons) Wind Farm,Wind,Onshore,4.45,2017-01-29,Cork,DSO,South
Gortnacloghy Wind Farm,Wind,Onshore,4.4,2018-01-31,Roscommon,DSO,West
Lahanaght Hill Wind Farm,Wind,Onshore,4.25,2006-01-01,Cork,DSO,South
Rahora Wind Farm,Wind,Onshore,4.25,2009-05-01,Waterford,DSO,South
Three Trees,Wind,Onshore,4.25,2019-12-18,Donegal,DSO,North
Skehanagh Wind Farm,Wind,Onshore,4.25,2006-04-01,Cork,DSO,South
Cloonlusk Wind Farm,Wind,Onshore,4.25,2018-01-26,Mayo,DSO,West
Leabeg Wind Farm,Wind,Onshore,4.25,2015-09-17,Cork,DSO,South
Meenkeeragh Wind Farm,Wind,Onshore,4.2,2009-04-29,Donegal,DSO,North
Ballyduff Wind Farm,Wind,Onshore,4.0,2017-01-13,Wexford,DSO,East
Ballynancoran Wind Farm,Wind,Onshore,4.0,2013-07-24,Wexford,DSO,East
Cooly Wind Farm,Wind,Onshore,4.0,2017-03-15,Tyrone,DSO,NI
Moneenatieve Wind Farm (1),Wind,Onshore,3.96,2005-09-23,Monaghan,DSO,North
Beenageeha Wind Farm,Wind,Onshore,3.96,2000-10-01,Kerry,DSO,South
Knocknalour Wind Farm G3,Wind,Onshore,3.95,2013-06-20,Wexford,DSO,East
Templederry Wind Farm,Wind,Onshore,3.9,2012-10-26,Tipperary,DSO,South
Scartaglen 2 Wind Farm,Wind,Onshore,3.8,2017-12-12,Kerry,DSO,South
Roosky Wind Farm,Wind,Onshore,3.6,2015-09-25,Mayo,DSO,West
Clogheravaddy Wind Farm (Phase 3),Wind,Onshore,3.6,2023-07-27,Donegal,DSO,North
Ballaman (Kennystown) Wind Farm,Wind,Onshore,3.6,2012-09-28,Wexford,DSO,East
Carrane Hill Wind Farm,Wind,Onshore,3.4,2006-11-01,Monaghan,DSO,North
Black Banks (1),Wind,Onshore,3.4,2001-09-01,Monaghan,DSO,North
Meenanilta (3),Wind,Onshore,3.4,2011-12-19,Donegal,DSO,North
Meenadreen Wind Farm,Wind,Onshore,3.4,2003-04-01,Donegal,DSO,North
Monaincha Bog Wind Farm (Gate 2),Wind,Onshore,3.4,2014-01-31,Tipperary,DSO,South
Cuillalea Wind Farm,Wind,Onshore,3.4,2004-04-01,Mayo,DSO,West
CORNEEN Wind Farm,Wind,Onshore,3.0,2001-08-01,Cavan,DSO,North
Slievereagh Wind Farm (1),Wind,Onshore,3.0,2009-09-25,Tipperary,DSO,South
Mountain Lodge Wind Farm,Wind,Onshore,3.0,2008-04-01,Dublin,DSO,East
Rossaveel Wind Farm,Wind,Onshore,3.0,2019-06-28,Galway,DSO,West
Cappawhite A Wind Farm (Gate 2),Wind,Onshore,2.92,2017-08-11,Tipperary,DSO,South
Carrowleagh Wind Farm Ext. (2),Wind,Onshore,2.65,2019-05-24,Donegal,DSO,North
Knock South Wind Farm (Inverin),Wind,Onshore,2.64,1999-01-01,Galway,DSO,West
Tullynamalra Wind Farm,Wind,Onshore,2.638,2019-04-15,Meath,DSO,East
Killybegs Wind Farm,Wind,Onshore,2.55,2007-12-19,Donegal,DSO,North
Meenanilta Wind Farm (1),Wind,Onshore,2.55,2003-09-01,Donegal,DSO,North
Carrig Wind Farm,Wind,Onshore,2.55,2006-04-01,Cork,DSO,South
Curraghgraigue Wind Farm,Wind,Onshore,2.55,2004-01-01,Tipperary,DSO,South
Cronelea Upper Wind Farm,Wind,Onshore,2.55,2005-07-01,Carlow,DSO,East
Ballinlough Wind Farm,Wind,Onshore,2.55,2006-01-01,Tipperary,DSO,South
Mace Upper Wind Farm,Wind,Onshore,2.55,2010-02-20,Tipperary,DSO,South
Bunnahowen Wind Farm (Temp),Wind,Onshore,2.55,2019-12-18,Mayo,DSO,West
Beale Hill (2),Wind,Onshore,2.55,2003-08-01,Roscommon,DSO,West
Ballinveny Wind Farm,Wind,Onshore,2.55,2006-01-01,Tipperary,DSO,South
Shannagh (Kilcar),Wind,Onshore,2.55,2010-03-30,Donegal,DSO,North
DePuy 3MW Wind Turbine,Wind,Onshore,2.5,2014-07-21,Cork,DSO,South
Kilbranish Wind Farm,Wind,Onshore,2.5,2018-10-11,Galway,DSO,West
Grady Joinery Wind Farm,Wind,Onshore,2.5,2017-08-05,Mayo,DSO,West
Meenanilta Wind Farm (2),Wind,Onshore,2.45,2004-07-01,Donegal,DSO,North
CURRAGHGRAIGUE (2) Wind Farm,Wind,Onshore,2.44,2011-08-24,Tipperary,DSO,South
Enros - Sorne Hill Single Turbine,Wind,Onshore,2.3,2019-12-18,Donegal,DSO,North
Collon Wind Power Limited (Gate 3),Wind,Onshore,2.3,2016-04-11,Wexford,DSO,East
Gurteen Lower Wind Farm,Wind,Onshore,2.3,2017-08-22,Tipperary,DSO,South
Corvin Wind Turbine,Wind,Onshore,2.1,2018-12-20,Donegal,DSO,North
Wind Energy Project (Janssen),Wind,Onshore,2.0,2014-07-21,Cork,DSO,South
Anarget Wind Farm (1),Wind,Onshore,1.98,2000-09-01,Donegal,DSO,North
Dunmore 2,Wind,Onshore,1.8,2009-05-01,Wexford,DSO,East
Knocknagoum (2),Wind,Onshore,1.8,2013-09-13,Kerry,DSO,South
Dunmore Wind Farm,Wind,Onshore,1.7,2006-07-01,Wexford,DSO,East
Cronelea Upper Wind Farm (2),Wind,Onshore,1.7,2009-12-11,Carlow,DSO,East
Beallough Wind Farm,Wind,Onshore,1.7,2008-11-01,Waterford,DSO,South
Mount Eagle Wind Farm (2),Wind,Onshore,1.7,2008-11-01,Kerry,DSO,South
Crocane Wind Farm,Wind,Onshore,1.7,2011-01-27,Cork,DSO,South
Beale Hill (1),Wind,Onshore,1.65,2000-11-01,Roscommon,DSO,West
Slievereagh Wind Farm (2),Wind,Onshore,1.6,2014-12-01,Tipperary,DSO,South
Liffey Autoproduction Project,Wind,Onshore,1.6,2017-12-15,Dublin,DSO,East
Tullynamoyle Wind Farm 3 (Carrane Hill Merged Capacity),Wind,Onshore,1.598,2017-09-18,Monaghan,DSO,North
Cuillalea Wind Farm (2),Wind,Onshore,1.59,2010-08-31,Mayo,DSO,West
Ballybane 2A (Glanta Commons) Wind Farm Extension,Wind,Onshore,1.55,2017-01-29,Cork,DSO,South
Liffey Autoproduction Project (extension),Wind,Onshore,1.417,2017-12-15,Dublin,DSO,East
Glackmore Hill (2),Wind,Onshore,1.4,2009-04-28,Donegal,DSO,North
Beale Hill (3) Wind Farm,Wind,Onshore,1.3,2016-11-14,Roscommon,DSO,West
Garracummer (2),Wind,Onshore,1.0,2015-02-11,Tipperary,DSO,South
Pluckanes Wind Farm,Wind,Onshore,0.85,2013-09-27,Waterford,DSO,South
Collon Wind Power Limited (Gate 2),Wind,Onshore,0.7,2016-04-11,Wexford,DSO,East
Knock South Wind Farm (2),Wind,Onshore,0.69,1999-01-01,Galway,DSO,West
Burtonport Harbour Single Turbine,Wind,Onshore,0.66,2003-07-01,Mayo,DSO,West
Mounvaun (Mienvee) Wind Farm,Wind,Onshore,0.66,2004-01-01,Clare,DSO,West
Ballyduff Wind Farm,Wind,Onshore,0.6,2017-01-13,Wexford,DSO,East
Glackmore Hill (1),Wind,Onshore,0.6,2009-04-28,Donegal,DSO,North
Muine Bheag Wind,Wind,Onshore,0.5,2022-04-22,Carlow,DSO,East
Country Crest,Wind,Onshore,0.5,2011-03-07,Dublin,DSO,East
Dundalk IT Wind Turbine,Wind,Onshore,0.5,2006-01-01,Louth,DSO,East
Anarget Wind Farm (3),Wind,Onshore,0.5,2011-11-04,Donegal,DSO,North
Mossedge Wind Farm,Wind,Onshore,0.5,2019-01-17,Donegal,DSO,North
Michael Aylward,Wind,Onshore,0.5,2016-09-26,Waterford,DSO,South
Ballynultagh Wind Farm,Wind,Onshore,0.499,2020-03-20,Carlow,DSO,East
Ballon Wind,Wind,Onshore,0.499,2017-09-07,Carlow,DSO,East
Gortnahalla,Wind,Onshore,0.499,2019-06-07,Tipperary,DSO,South
Moyvane Wind,Wind,Onshore,0.499,2019-12-10,Roscommon,DSO,West
Tesco Donabate,Wind,Onshore,0.499,2016-09-01,Dublin,DSO,East
Kilpatrick Wind,Wind,Onshore,0.499,2020-01-30,Cork,DSO,South
Patrick Costello Wind Turbine,Wind,Onshore,0.495,2018-12-21,Tipperary,DSO,South
KWT Energy Ltd,Wind,Onshore,0.49,2016-12-20,Waterford,DSO,South
Meenkeeragh Wind Farm (2),Wind,Onshore,0.4,2013-04-25,Donegal,DSO,North
Glackmore Hill (3),Wind,Onshore,0.3,2009-04-28,Donegal,DSO,North
Meade Potato Company,Wind,Onshore,0.3,2014-06-03,Wexford,DSO,East
Moneenatieve Wind Farm (2),Wind,Onshore,0.29,2011-10-15,Monaghan,DSO,North
Donaghmede Fr Collins Park Wind Farm,Wind,Onshore,0.25,2009-05-01,Sligo,DSO,West
Mounvaun (Mienvee) Wind Farm (2),Wind,Onshore,0.19,2008-01-01,Clare,DSO,West
Burtonstown Autoproducer,Wind,Onshore,0.15,2014-10-01,Wexford,DSO,East
Burtonstown,Wind,Onshore,0.15,2014-10-01,Wexford,DSO,East
Tierney Farms,Wind,Onshore,0.15,2017-04-18,Waterford,DSO,South
Tullow Mushroom Growers Ltd,Wind,Onshore,0.133,2010-11-01,Carlow,DSO,East
Patrick Costello Wind Turbine Ext,Wind,Onshore,0.13,2022-03-15,Tipperary,DSO,South
"St Patricks Missionary Society, Co. Wicklow",Wind,Onshore,0.13,2012-06-26,Wicklow,DSO,East
IS Sustainable Supply Chain,Wind,Onshore,0.12,2023-09-01,Donegal,DSO,North
James Nally,Wind,Onshore,0.11,2013-11-14,Westmeath,DSO,East
Leo Barry,Wind,Onshore,0.05,2015-08-19,Wexford,DSO,East
Allen Removals,Wind,Onshore,0.02,2014-09-05,Tyrone,DSO,NI
Anarget Wind Farm (2),Wind,Onshore,0.02,2004-12-01,Donegal,DSO,North
Owenstown,Wind,Onshore,0.018,2010-12-01,Kildare,DSO,East
Carrickallen Wind Farm,Wind,Onshore,22.0,2018-10-11,Dublin,DSO,East
Sheskin Windfarm Phase1,Wind,Onshore,16.8,2023-12-07,Mayo,DSO,West
Shalvey Poultry WT,Wind,Onshore,0.017,2013-02-01,Dublin,DSO,East
Lios na Carraige,Wind,Onshore,0.017,2008-10-01,Meath,DSO,East
M8 Junction 10 WT,Wind,Onshore,0.01,2012-07-18,Tipperary,DSO,South
